timestamp_unix,timestamp_iso,participant_full_id,counts_x_axis,counts_y_axis,counts_z_axis,vector_magnitude,missing_value_reason
1741651200000,2025-03-11T00:00:00Z,1842-1-1-001,,,,,device_not_recording
1741651260000,2025-03-11T00:01:00Z,1842-1-1-001,,,,,device_not_recording
1741651320000,2025-03-11T00:02:00Z,1842-1-1-001,,,,,device_not_recording
1741651380000,2025-03-11T00:03:00Z,1842-1-1-001,,,,,device_not_recording
1741651440000,2025-03-11T00:04:00Z,1842-1-1-001,,,,,device_not_recording
1741651500000,2025-03-11T00:05:00Z,1842-1-1-001,,,,,device_not_recording
1741651560000,2025-03-11T00:06:00Z,1842-1-1-001,,,,,device_not_recording
1741651620000,2025-03-11T00:07:00Z,1842-1-1-001,,,,,device_not_recording
1741651680000,2025-03-11T00:08:00Z,1842-1-1-001,,,,,device_not_recording
1741651740000,2025-03-11T00:09:00Z,1842-1-1-001,,,,,device_not_recording
1741651800000,2025-03-11T00:10:00Z,1842-1-1-001,,,,,device_not_recording
1741651860000,2025-03-11T00:11:00Z,1842-1-1-001,,,,,device_not_recording
1741651920000,2025-03-11T00:12:00Z,1842-1-1-001,,,,,device_not_recording
1741651980000,2025-03-11T00:13:00Z,1842-1-1-001,,,,,device_not_recording
1741652040000,2025-03-11T00:14:00Z,1842-1-1-001,,,,,device_not_recording
1741652100000,2025-03-11T00:15:00Z,1842-1-1-001,,,,,device_not_recording
1741652160000,2025-03-11T00:16:00Z,1842-1-1-001,,,,,device_not_recording
1741652220000,2025-03-11T00:17:00Z,1842-1-1-001,,,,,device_not_recording
1741652280000,2025-03-11T00:18:00Z,1842-1-1-001,,,,,device_not_recording
1741652340000,2025-03-11T00:19:00Z,1842-1-1-001,,,,,device_not_recording
1741652400000,2025-03-11T00:20:00Z,1842-1-1-001,,,,,device_not_recording
1741652460000,2025-03-11T00:21:00Z,1842-1-1-001,,,,,device_not_recording
1741652520000,2025-03-11T00:22:00Z,1842-1-1-001,,,,,device_not_recording
1741652580000,2025-03-11T00:23:00Z,1842-1-1-001,,,,,device_not_recording
1741652640000,2025-03-11T00:24:00Z,1842-1-1-001,,,,,device_not_recording
1741652700000,2025-03-11T00:25:00Z,1842-1-1-001,,,,,device_not_recording
1741652760000,2025-03-11T00:26:00Z,1842-1-1-001,,,,,device_not_recording
1741652820000,2025-03-11T00:27:00Z,1842-1-1-001,,,,,device_not_recording
1741652880000,2025-03-11T00:28:00Z,1842-1-1-001,,,,,device_not_recording
1741652940000,2025-03-11T00:29:00Z,1842-1-1-001,,,,,device_not_recording
1741653000000,2025-03-11T00:30:00Z,1842-1-1-001,,,,,device_not_recording
1741653060000,2025-03-11T00:31:00Z,1842-1-1-001,,,,,device_not_recording
1741653120000,2025-03-11T00:32:00Z,1842-1-1-001,,,,,device_not_recording
1741653180000,2025-03-11T00:33:00Z,1842-1-1-001,,,,,device_not_recording
1741653240000,2025-03-11T00:34:00Z,1842-1-1-001,,,,,device_not_recording
1741653300000,2025-03-11T00:35:00Z,1842-1-1-001,,,,,device_not_recording
1741653360000,2025-03-11T00:36:00Z,1842-1-1-001,,,,,device_not_recording
1741653420000,2025-03-11T00:37:00Z,1842-1-1-001,,,,,device_not_recording
1741653480000,2025-03-11T00:38:00Z,1842-1-1-001,,,,,device_not_recording
1741653540000,2025-03-11T00:39:00Z,1842-1-1-001,,,,,device_not_recording
1741653600000,2025-03-11T00:40:00Z,1842-1-1-001,152,296,11,332,
1741653660000,2025-03-11T00:41:00Z,1842-1-1-001,921,2626,2127,3502,
1741653720000,2025-03-11T00:42:00Z,1842-1-1-001,728,670,462,1091,
1741653780000,2025-03-11T00:43:00Z,1842-1-1-001,163,64,188,256,
1741653840000,2025-03-11T00:44:00Z,1842-1-1-001,344,1041,1184,1613,
1741653900000,2025-03-11T00:45:00Z,1842-1-1-001,657,889,639,1276,
1741653960000,2025-03-11T00:46:00Z,1842-1-1-001,339,457,409,700,
1741654020000,2025-03-11T00:47:00Z,1842-1-1-001,690,664,870,1293,
1741654080000,2025-03-11T00:48:00Z,1842-1-1-001,376,229,378,580,
1741654140000,2025-03-11T00:49:00Z,1842-1-1-001,0,56,0,56,
1741654200000,2025-03-11T00:50:00Z,1842-1-1-001,86,58,62,120,
1741654260000,2025-03-11T00:51:00Z,1842-1-1-001,2122,2812,1793,3952,
1741654320000,2025-03-11T00:52:00Z,1842-1-1-001,553,1243,884,1622,
1741654380000,2025-03-11T00:53:00Z,1842-1-1-001,1103,1037,1203,1933,
1741654440000,2025-03-11T00:54:00Z,1842-1-1-001,0,86,84,120,
1741654500000,2025-03-11T00:55:00Z,1842-1-1-001,0,11,0,11,
1741654560000,2025-03-11T00:56:00Z,1842-1-1-001,0,24,0,24,
1741654620000,2025-03-11T00:57:00Z,1842-1-1-001,988,1600,1441,2369,
1741654680000,2025-03-11T00:58:00Z,1842-1-1-001,1310,1331,2039,2764,
1741654740000,2025-03-11T00:59:00Z,1842-1-1-001,1186,2569,1443,3176,
1741654800000,2025-03-11T01:00:00Z,1842-1-1-001,0,25,0,25,
1741654860000,2025-03-11T01:01:00Z,1842-1-1-001,531,1529,1082,1946,
1741654920000,2025-03-11T01:02:00Z,1842-1-1-001,0,0,96,96,
1741654980000,2025-03-11T01:03:00Z,1842-1-1-001,3725,3308,2935,5782,
1741655040000,2025-03-11T01:04:00Z,1842-1-1-001,116,246,80,283,
1741655100000,2025-03-11T01:05:00Z,1842-1-1-001,1017,1712,1125,2287,
1741655160000,2025-03-11T01:06:00Z,1842-1-1-001,2866,4022,3730,6188,
1741655220000,2025-03-11T01:07:00Z,1842-1-1-001,1137,1795,1895,2847,
1741655280000,2025-03-11T01:08:00Z,1842-1-1-001,5495,6297,6099,10346,
1741655340000,2025-03-11T01:09:00Z,1842-1-1-001,1910,1673,2001,3232,
1741655400000,2025-03-11T01:10:00Z,1842-1-1-001,1204,2045,1027,2585,
1741655460000,2025-03-11T01:11:00Z,1842-1-1-001,1190,1340,1655,2439,
1741655520000,2025-03-11T01:12:00Z,1842-1-1-001,431,243,1190,1288,
1741655580000,2025-03-11T01:13:00Z,1842-1-1-001,413,423,804,997,
1741655640000,2025-03-11T01:14:00Z,1842-1-1-001,2781,3718,3122,5595,
1741655700000,2025-03-11T01:15:00Z,1842-1-1-001,300,784,376,919,
1741655760000,2025-03-11T01:16:00Z,1842-1-1-001,6,227,141,267,
1741655820000,2025-03-11T01:17:00Z,1842-1-1-001,0,6,0,6,
1741655880000,2025-03-11T01:18:00Z,1842-1-1-001,8,8,31,33,
1741655940000,2025-03-11T01:19:00Z,1842-1-1-001,22,77,59,99,
1741656000000,2025-03-11T01:20:00Z,1842-1-1-001,2,4,0,4,
1741656060000,2025-03-11T01:21:00Z,1842-1-1-001,0,13,5,13,
1741656120000,2025-03-11T01:22:00Z,1842-1-1-001,0,65,30,71,
1741656180000,2025-03-11T01:23:00Z,1842-1-1-001,0,3,7,7,
1741656240000,2025-03-11T01:24:00Z,1842-1-1-001,1260,1776,1143,2459,
1741656300000,2025-03-11T01:25:00Z,1842-1-1-001,418,865,639,1153,
1741656360000,2025-03-11T01:26:00Z,1842-1-1-001,0,6,0,6,
1741656420000,2025-03-11T01:27:00Z,1842-1-1-001,339,337,324,577,
1741656480000,2025-03-11T01:28:00Z,1842-1-1-001,648,174,475,822,
1741656540000,2025-03-11T01:29:00Z,1842-1-1-001,409,536,216,707,
1741656600000,2025-03-11T01:30:00Z,1842-1-1-001,0,32,0,32,
1741656660000,2025-03-11T01:31:00Z,1842-1-1-001,0,0,0,0,
1741656720000,2025-03-11T01:32:00Z,1842-1-1-001,1842,3593,2480,4738,
1741656780000,2025-03-11T01:33:00Z,1842-1-1-001,2048,2533,2103,3877,
1741656840000,2025-03-11T01:34:00Z,1842-1-1-001,0,0,0,0,
1741656900000,2025-03-11T01:35:00Z,1842-1-1-001,0,0,0,0,
1741656960000,2025-03-11T01:36:00Z,1842-1-1-001,0,0,0,0,
1741657020000,2025-03-11T01:37:00Z,1842-1-1-001,0,0,0,0,
1741657080000,2025-03-11T01:38:00Z,1842-1-1-001,1247,1833,1162,2503,
1741657140000,2025-03-11T01:39:00Z,1842-1-1-001,1696,1758,2646,3601,
1741657200000,2025-03-11T01:40:00Z,1842-1-1-001,3268,3769,3778,6257,
1741657260000,2025-03-11T01:41:00Z,1842-1-1-001,4433,3652,5557,7991,
1741657320000,2025-03-11T01:42:00Z,1842-1-1-001,3319,1807,3506,5154,
1741657380000,2025-03-11T01:43:00Z,1842-1-1-001,3327,3356,6033,7663,
1741657440000,2025-03-11T01:44:00Z,1842-1-1-001,3901,3229,5096,7184,
1741657500000,2025-03-11T01:45:00Z,1842-1-1-001,2930,2766,3842,5567,
1741657560000,2025-03-11T01:46:00Z,1842-1-1-001,2408,1853,3714,4798,
1741657620000,2025-03-11T01:47:00Z,1842-1-1-001,2767,2139,3891,5231,
1741657680000,2025-03-11T01:48:00Z,1842-1-1-001,1568,1290,2944,3576,
1741657740000,2025-03-11T01:49:00Z,1842-1-1-001,3448,2561,4341,6106,
1741657800000,2025-03-11T01:50:00Z,1842-1-1-001,4945,5901,6202,9886,
1741657860000,2025-03-11T01:51:00Z,1842-1-1-001,3285,2025,4931,6261,
1741657920000,2025-03-11T01:52:00Z,1842-1-1-001,3565,2205,4506,6154,
1741657980000,2025-03-11T01:53:00Z,1842-1-1-001,1930,934,2532,3317,
1741658040000,2025-03-11T01:54:00Z,1842-1-1-001,2945,2777,4568,6103,
1741658100000,2025-03-11T01:55:00Z,1842-1-1-001,3412,2616,4666,6344,
1741658160000,2025-03-11T01:56:00Z,1842-1-1-001,4012,3684,3464,6455,
1741658220000,2025-03-11T01:57:00Z,1842-1-1-001,2291,1017,2196,3332,
1741658280000,2025-03-11T01:58:00Z,1842-1-1-001,945,414,895,1365,
1741658340000,2025-03-11T01:59:00Z,1842-1-1-001,2900,1806,4332,5517,
1741658400000,2025-03-11T02:00:00Z,1842-1-1-001,2576,3512,3237,5426,
1741658460000,2025-03-11T02:01:00Z,1842-1-1-001,1311,2347,3918,4751,
1741658520000,2025-03-11T02:02:00Z,1842-1-1-001,4660,4518,4226,7745,
1741658580000,2025-03-11T02:03:00Z,1842-1-1-001,977,1789,3430,3989,
1741658640000,2025-03-11T02:04:00Z,1842-1-1-001,6323,5731,5448,10124,
1741658700000,2025-03-11T02:05:00Z,1842-1-1-001,5609,5711,5931,9962,
1741658760000,2025-03-11T02:06:00Z,1842-1-1-001,3100,3139,3075,5377,
1741658820000,2025-03-11T02:07:00Z,1842-1-1-001,935,3404,969,3660,
1741658880000,2025-03-11T02:08:00Z,1842-1-1-001,0,0,0,0,
1741658940000,2025-03-11T02:09:00Z,1842-1-1-001,0,0,0,0,
1741659000000,2025-03-11T02:10:00Z,1842-1-1-001,756,1654,460,1875,
1741659060000,2025-03-11T02:11:00Z,1842-1-1-001,1408,972,1515,2285,
1741659120000,2025-03-11T02:12:00Z,1842-1-1-001,1085,1067,579,1628,
1741659180000,2025-03-11T02:13:00Z,1842-1-1-001,785,360,1325,1581,
1741659240000,2025-03-11T02:14:00Z,1842-1-1-001,1625,2105,3044,4041,
1741659300000,2025-03-11T02:15:00Z,1842-1-1-001,36,60,108,128,
1741659360000,2025-03-11T02:16:00Z,1842-1-1-001,307,360,646,800,
1741659420000,2025-03-11T02:17:00Z,1842-1-1-001,1221,841,2315,2749,
1741659480000,2025-03-11T02:18:00Z,1842-1-1-001,2739,2611,3294,5016,
1741659540000,2025-03-11T02:19:00Z,1842-1-1-001,4672,3204,5818,8120,
1741659600000,2025-03-11T02:20:00Z,1842-1-1-001,2302,2480,3093,4584,
1741659660000,2025-03-11T02:21:00Z,1842-1-1-001,1668,1147,1804,2711,
1741659720000,2025-03-11T02:22:00Z,1842-1-1-001,2664,1888,1819,3737,
1741659780000,2025-03-11T02:23:00Z,1842-1-1-001,3656,4002,3544,6476,
1741659840000,2025-03-11T02:24:00Z,1842-1-1-001,3788,1998,2418,4918,
1741659900000,2025-03-11T02:25:00Z,1842-1-1-001,4060,2482,2733,5487,
1741659960000,2025-03-11T02:26:00Z,1842-1-1-001,4653,2699,3236,6277,
1741660020000,2025-03-11T02:27:00Z,1842-1-1-001,3126,3280,3933,5999,
1741660080000,2025-03-11T02:28:00Z,1842-1-1-001,3988,3602,4462,6984,
1741660140000,2025-03-11T02:29:00Z,1842-1-1-001,2343,1455,2630,3810,
1741660200000,2025-03-11T02:30:00Z,1842-1-1-001,,,,,device_not_recording
1741660260000,2025-03-11T02:31:00Z,1842-1-1-001,,,,,device_not_recording
1741660320000,2025-03-11T02:32:00Z,1842-1-1-001,,,,,device_not_recording
1741660380000,2025-03-11T02:33:00Z,1842-1-1-001,,,,,device_not_recording
1741660440000,2025-03-11T02:34:00Z,1842-1-1-001,,,,,device_not_recording
1741660500000,2025-03-11T02:35:00Z,1842-1-1-001,,,,,device_not_recording
1741660560000,2025-03-11T02:36:00Z,1842-1-1-001,0,27,111,114,
1741660620000,2025-03-11T02:37:00Z,1842-1-1-001,816,1071,1735,2196,
1741660680000,2025-03-11T02:38:00Z,1842-1-1-001,1417,1626,1589,2678,
1741660740000,2025-03-11T02:39:00Z,1842-1-1-001,312,267,1335,1396,
1741660800000,2025-03-11T02:40:00Z,1842-1-1-001,1035,1426,2039,2694,
1741660860000,2025-03-11T02:41:00Z,1842-1-1-001,369,1025,1806,2109,
1741660920000,2025-03-11T02:42:00Z,1842-1-1-001,98,366,869,948,
1741660980000,2025-03-11T02:43:00Z,1842-1-1-001,1120,1932,1599,2746,
1741661040000,2025-03-11T02:44:00Z,1842-1-1-001,3204,2126,3041,4902,
1741661100000,2025-03-11T02:45:00Z,1842-1-1-001,3104,2598,5374,6727,
1741661160000,2025-03-11T02:46:00Z,1842-1-1-001,2778,2051,5718,6679,
1741661220000,2025-03-11T02:47:00Z,1842-1-1-001,2807,3126,4818,6392,
1741661280000,2025-03-11T02:48:00Z,1842-1-1-001,2188,1297,1041,2748,
1741661340000,2025-03-11T02:49:00Z,1842-1-1-001,576,136,448,742,
1741661400000,2025-03-11T02:50:00Z,1842-1-1-001,1901,1221,905,2433,
1741661460000,2025-03-11T02:51:00Z,1842-1-1-001,686,309,307,812,
1741661520000,2025-03-11T02:52:00Z,1842-1-1-001,667,884,1190,1625,
1741661580000,2025-03-11T02:53:00Z,1842-1-1-001,77,205,91,237,
1741661640000,2025-03-11T02:54:00Z,1842-1-1-001,285,79,66,303,
1741661700000,2025-03-11T02:55:00Z,1842-1-1-001,1123,1479,1598,2449,
1741661760000,2025-03-11T02:56:00Z,1842-1-1-001,2645,1795,2627,4137,
1741661820000,2025-03-11T02:57:00Z,1842-1-1-001,4120,2436,3056,5678,
1741661880000,2025-03-11T02:58:00Z,1842-1-1-001,3398,2061,3489,5288,
1741661940000,2025-03-11T02:59:00Z,1842-1-1-001,2437,2096,3174,4517,
1741662000000,2025-03-11T03:00:00Z,1842-1-1-001,5645,3830,4773,8325,
1741662060000,2025-03-11T03:01:00Z,1842-1-1-001,2538,3674,3231,5511,
1741662120000,2025-03-11T03:02:00Z,1842-1-1-001,2370,3260,1651,4355,
1741662180000,2025-03-11T03:03:00Z,1842-1-1-001,2703,4384,3274,6102,
1741662240000,2025-03-11T03:04:00Z,1842-1-1-001,1661,3671,4395,5962,
1741662300000,2025-03-11T03:05:00Z,1842-1-1-001,1882,5231,4074,6892,
1741662360000,2025-03-11T03:06:00Z,1842-1-1-001,947,1627,1820,2618,
1741662420000,2025-03-11T03:07:00Z,1842-1-1-001,563,1737,2362,2985,
1741662480000,2025-03-11T03:08:00Z,1842-1-1-001,1594,3252,1900,4089,
1741662540000,2025-03-11T03:09:00Z,1842-1-1-001,321,946,584,1157,
1741662600000,2025-03-11T03:10:00Z,1842-1-1-001,1069,2490,1382,3041,
1741662660000,2025-03-11T03:11:00Z,1842-1-1-001,1357,3578,1943,4291,
1741662720000,2025-03-11T03:12:00Z,1842-1-1-001,690,2161,1809,2901,
1741662780000,2025-03-11T03:13:00Z,1842-1-1-001,1062,2693,3085,4230,
1741662840000,2025-03-11T03:14:00Z,1842-1-1-001,291,1031,737,1300,
1741662900000,2025-03-11T03:15:00Z,1842-1-1-001,1031,3573,2285,4364,
1741662960000,2025-03-11T03:16:00Z,1842-1-1-001,495,1431,766,1696,
1741663020000,2025-03-11T03:17:00Z,1842-1-1-001,2037,3721,3381,5424,
1741663080000,2025-03-11T03:18:00Z,1842-1-1-001,1208,3619,3291,5038,
1741663140000,2025-03-11T03:19:00Z,1842-1-1-001,166,803,658,1051,
1741663200000,2025-03-11T03:20:00Z,1842-1-1-001,513,782,854,1266,
1741663260000,2025-03-11T03:21:00Z,1842-1-1-001,547,1346,1287,1940,
1741663320000,2025-03-11T03:22:00Z,1842-1-1-001,468,462,1144,1319,
1741663380000,2025-03-11T03:23:00Z,1842-1-1-001,1042,1764,882,2230,
1741663440000,2025-03-11T03:24:00Z,1842-1-1-001,,,,,device_not_recording
1741663500000,2025-03-11T03:25:00Z,1842-1-1-001,2943,3556,2028,5041,
1741663560000,2025-03-11T03:26:00Z,1842-1-1-001,955,2840,1148,3208,
1741663620000,2025-03-11T03:27:00Z,1842-1-1-001,2442,3888,2146,5068,
1741663680000,2025-03-11T03:28:00Z,1842-1-1-001,1008,1445,1301,2190,
1741663740000,2025-03-11T03:29:00Z,1842-1-1-001,207,16,690,720,
1741663800000,2025-03-11T03:30:00Z,1842-1-1-001,160,361,554,680,
1741663860000,2025-03-11T03:31:00Z,1842-1-1-001,,,,,device_not_recording
1741663920000,2025-03-11T03:32:00Z,1842-1-1-001,,,,,device_not_worn_correctly
1741663980000,2025-03-11T03:33:00Z,1842-1-1-001,,,,,device_not_worn_correctly
1741664040000,2025-03-11T03:34:00Z,1842-1-1-001,,,,,device_not_worn_correctly
1741664100000,2025-03-11T03:35:00Z,1842-1-1-001,,,,,device_not_worn_correctly
1741664160000,2025-03-11T03:36:00Z,1842-1-1-001,,,,,device_not_worn_correctly
1741664220000,2025-03-11T03:37:00Z,1842-1-1-001,,,,,device_not_worn_correctly
1741664280000,2025-03-11T03:38:00Z,1842-1-1-001,,,,,device_not_worn_correctly
1741664340000,2025-03-11T03:39:00Z,1842-1-1-001,,,,,device_not_worn_correctly
1741664400000,2025-03-11T03:40:00Z,1842-1-1-001,,,,,device_not_worn_correctly
1741664460000,2025-03-11T03:41:00Z,1842-1-1-001,,,,,device_not_worn_correctly
1741664520000,2025-03-11T03:42:00Z,1842-1-1-001,,,,,device_not_worn_correctly
1741664580000,2025-03-11T03:43:00Z,1842-1-1-001,,,,,device_not_worn_correctly
1741664640000,2025-03-11T03:44:00Z,1842-1-1-001,,,,,device_not_worn_correctly
1741664700000,2025-03-11T03:45:00Z,1842-1-1-001,,,,,device_not_worn_correctly
1741664760000,2025-03-11T03:46:00Z,1842-1-1-001,,,,,device_not_worn_correctly
1741664820000,2025-03-11T03:47:00Z,1842-1-1-001,,,,,device_not_worn_correctly
1741664880000,2025-03-11T03:48:00Z,1842-1-1-001,,,,,device_not_worn_correctly
1741664940000,2025-03-11T03:49:00Z,1842-1-1-001,,,,,device_not_worn_correctly
1741665000000,2025-03-11T03:50:00Z,1842-1-1-001,,,,,device_not_worn_correctly
1741665060000,2025-03-11T03:51:00Z,1842-1-1-001,,,,,device_not_worn_correctly
1741665120000,2025-03-11T03:52:00Z,1842-1-1-001,,,,,device_not_recording
1741665180000,2025-03-11T03:53:00Z,1842-1-1-001,1102,2255,2240,3364,
1741665240000,2025-03-11T03:54:00Z,1842-1-1-001,5236,4024,5938,8880,
1741665300000,2025-03-11T03:55:00Z,1842-1-1-001,2630,4197,3800,6242,
1741665360000,2025-03-11T03:56:00Z,1842-1-1-001,446,1539,907,1841,
1741665420000,2025-03-11T03:57:00Z,1842-1-1-001,827,2051,1504,2674,
1741665480000,2025-03-11T03:58:00Z,1842-1-1-001,1372,2770,1593,3477,
1741665540000,2025-03-11T03:59:00Z,1842-1-1-001,678,1842,1619,2544,
1741665600000,2025-03-11T04:00:00Z,1842-1-1-001,1199,2249,1969,3220,
1741665660000,2025-03-11T04:01:00Z,1842-1-1-001,2379,2473,1880,3912,
1741665720000,2025-03-11T04:02:00Z,1842-1-1-001,1323,3794,2275,4617,
1741665780000,2025-03-11T04:03:00Z,1842-1-1-001,879,1805,1086,2282,
1741665840000,2025-03-11T04:04:00Z,1842-1-1-001,985,2144,767,2480,
1741665900000,2025-03-11T04:05:00Z,1842-1-1-001,1689,3540,2895,4874,
1741665960000,2025-03-11T04:06:00Z,1842-1-1-001,2733,1894,2311,4049,
1741666020000,2025-03-11T04:07:00Z,1842-1-1-001,159,178,570,617,
1741666080000,2025-03-11T04:08:00Z,1842-1-1-001,1741,2338,6012,6681,
1741666140000,2025-03-11T04:09:00Z,1842-1-1-001,3998,2830,3503,6021,
1741666200000,2025-03-11T04:10:00Z,1842-1-1-001,616,434,1168,1389,
1741666260000,2025-03-11T04:11:00Z,1842-1-1-001,188,245,501,588,
1741666320000,2025-03-11T04:12:00Z,1842-1-1-001,457,451,240,685,
1741666380000,2025-03-11T04:13:00Z,1842-1-1-001,1738,2747,1893,3761,
1741666440000,2025-03-11T04:14:00Z,1842-1-1-001,6190,6357,6142,10791,
1741666500000,2025-03-11T04:15:00Z,1842-1-1-001,2257,2831,2175,4223,
1741666560000,2025-03-11T04:16:00Z,1842-1-1-001,,,,,device_not_recording
1741666620000,2025-03-11T04:17:00Z,1842-1-1-001,,,,,device_not_recording
1741666680000,2025-03-11T04:18:00Z,1842-1-1-001,157,435,191,500,
1741666740000,2025-03-11T04:19:00Z,1842-1-1-001,2,192,29,194,
1741666800000,2025-03-11T04:20:00Z,1842-1-1-001,340,630,277,767,
1741666860000,2025-03-11T04:21:00Z,1842-1-1-001,0,0,0,0,
1741666920000,2025-03-11T04:22:00Z,1842-1-1-001,13,204,68,215,
1741666980000,2025-03-11T04:23:00Z,1842-1-1-001,770,2433,809,2677,
1741667040000,2025-03-11T04:24:00Z,1842-1-1-001,1419,1519,1215,2407,
1741667100000,2025-03-11T04:25:00Z,1842-1-1-001,677,1685,717,1952,
1741667160000,2025-03-11T04:26:00Z,1842-1-1-001,0,0,0,0,
1741667220000,2025-03-11T04:27:00Z,1842-1-1-001,71,158,136,220,
1741667280000,2025-03-11T04:28:00Z,1842-1-1-001,310,656,233,762,
1741667340000,2025-03-11T04:29:00Z,1842-1-1-001,0,0,0,0,
1741667400000,2025-03-11T04:30:00Z,1842-1-1-001,0,0,0,0,
1741667460000,2025-03-11T04:31:00Z,1842-1-1-001,0,0,0,0,
1741667520000,2025-03-11T04:32:00Z,1842-1-1-001,0,0,0,0,
1741667580000,2025-03-11T04:33:00Z,1842-1-1-001,0,0,0,0,
1741667640000,2025-03-11T04:34:00Z,1842-1-1-001,0,0,0,0,
1741667700000,2025-03-11T04:35:00Z,1842-1-1-001,0,0,0,0,
1741667760000,2025-03-11T04:36:00Z,1842-1-1-001,0,0,0,0,
1741667820000,2025-03-11T04:37:00Z,1842-1-1-001,637,1297,1487,2073,
1741667880000,2025-03-11T04:38:00Z,1842-1-1-001,342,604,1084,1287,
1741667940000,2025-03-11T04:39:00Z,1842-1-1-001,30,265,1027,1061,
1741668000000,2025-03-11T04:40:00Z,1842-1-1-001,76,5,18,78,
1741668060000,2025-03-11T04:41:00Z,1842-1-1-001,73,109,590,604,
1741668120000,2025-03-11T04:42:00Z,1842-1-1-001,188,375,432,602,
1741668180000,2025-03-11T04:43:00Z,1842-1-1-001,2,0,167,167,
1741668240000,2025-03-11T04:44:00Z,1842-1-1-001,0,0,0,0,
1741668300000,2025-03-11T04:45:00Z,1842-1-1-001,0,0,0,0,
1741668360000,2025-03-11T04:46:00Z,1842-1-1-001,0,0,0,0,
1741668420000,2025-03-11T04:47:00Z,1842-1-1-001,0,0,0,0,
1741668480000,2025-03-11T04:48:00Z,1842-1-1-001,0,0,0,0,
1741668540000,2025-03-11T04:49:00Z,1842-1-1-001,1249,1352,2212,2877,
1741668600000,2025-03-11T04:50:00Z,1842-1-1-001,2405,2281,2804,4341,
1741668660000,2025-03-11T04:51:00Z,1842-1-1-001,986,1400,2268,2841,
1741668720000,2025-03-11T04:52:00Z,1842-1-1-001,4121,2957,5085,7182,
1741668780000,2025-03-11T04:53:00Z,1842-1-1-001,589,1477,2035,2582,
1741668840000,2025-03-11T04:54:00Z,1842-1-1-001,78,62,146,176,
1741668900000,2025-03-11T04:55:00Z,1842-1-1-001,197,407,362,579,
1741668960000,2025-03-11T04:56:00Z,1842-1-1-001,0,0,0,0,
1741669020000,2025-03-11T04:57:00Z,1842-1-1-001,352,790,694,1108,
1741669080000,2025-03-11T04:58:00Z,1842-1-1-001,0,0,0,0,
1741669140000,2025-03-11T04:59:00Z,1842-1-1-001,143,375,487,631,
1741669200000,2025-03-11T05:00:00Z,1842-1-1-001,402,1056,1324,1740,
1741669260000,2025-03-11T05:01:00Z,1842-1-1-001,175,911,2728,2881,
1741669320000,2025-03-11T05:02:00Z,1842-1-1-001,180,421,455,645,
1741669380000,2025-03-11T05:03:00Z,1842-1-1-001,175,295,313,464,
1741669440000,2025-03-11T05:04:00Z,1842-1-1-001,0,0,0,0,
1741669500000,2025-03-11T05:05:00Z,1842-1-1-001,0,2,0,2,
1741669560000,2025-03-11T05:06:00Z,1842-1-1-001,151,184,471,527,
1741669620000,2025-03-11T05:07:00Z,1842-1-1-001,12,144,157,213,
1741669680000,2025-03-11T05:08:00Z,1842-1-1-001,283,858,782,1194,
1741669740000,2025-03-11T05:09:00Z,1842-1-1-001,200,758,570,969,
1741669800000,2025-03-11T05:10:00Z,1842-1-1-001,28,0,0,28,
1741669860000,2025-03-11T05:11:00Z,1842-1-1-001,0,0,0,0,
1741669920000,2025-03-11T05:12:00Z,1842-1-1-001,0,0,0,0,
1741669980000,2025-03-11T05:13:00Z,1842-1-1-001,261,199,591,676,
1741670040000,2025-03-11T05:14:00Z,1842-1-1-001,60,32,6,68,
1741670100000,2025-03-11T05:15:00Z,1842-1-1-001,0,47,21,51,
1741670160000,2025-03-11T05:16:00Z,1842-1-1-001,0,0,0,0,
1741670220000,2025-03-11T05:17:00Z,1842-1-1-001,0,0,0,0,
1741670280000,2025-03-11T05:18:00Z,1842-1-1-001,0,0,0,0,
1741670340000,2025-03-11T05:19:00Z,1842-1-1-001,368,629,735,1035,
1741670400000,2025-03-11T05:20:00Z,1842-1-1-001,0,0,0,0,
1741670460000,2025-03-11T05:21:00Z,1842-1-1-001,0,0,0,0,
1741670520000,2025-03-11T05:22:00Z,1842-1-1-001,0,0,0,0,
1741670580000,2025-03-11T05:23:00Z,1842-1-1-001,106,590,55,601,
1741670640000,2025-03-11T05:24:00Z,1842-1-1-001,16,484,346,595,
1741670700000,2025-03-11T05:25:00Z,1842-1-1-001,266,358,894,999,
1741670760000,2025-03-11T05:26:00Z,1842-1-1-001,698,791,2273,2505,
1741670820000,2025-03-11T05:27:00Z,1842-1-1-001,4218,2924,3336,6121,
1741670880000,2025-03-11T05:28:00Z,1842-1-1-001,793,209,928,1238,
1741670940000,2025-03-11T05:29:00Z,1842-1-1-001,220,172,646,703,
1741671000000,2025-03-11T05:30:00Z,1842-1-1-001,1042,976,1898,2375,
1741671060000,2025-03-11T05:31:00Z,1842-1-1-001,1110,575,1599,2029,
1741671120000,2025-03-11T05:32:00Z,1842-1-1-001,3859,2424,3334,5646,
1741671180000,2025-03-11T05:33:00Z,1842-1-1-001,1704,1164,1819,2750,
1741671240000,2025-03-11T05:34:00Z,1842-1-1-001,2254,1963,1069,3174,
1741671300000,2025-03-11T05:35:00Z,1842-1-1-001,846,1391,819,1822,
1741671360000,2025-03-11T05:36:00Z,1842-1-1-001,1345,1099,1152,2084,
1741671420000,2025-03-11T05:37:00Z,1842-1-1-001,702,701,680,1202,
1741671480000,2025-03-11T05:38:00Z,1842-1-1-001,50,181,694,718,
1741671540000,2025-03-11T05:39:00Z,1842-1-1-001,17,1,10,19,
1741671600000,2025-03-11T05:40:00Z,1842-1-1-001,0,26,102,105,
1741671660000,2025-03-11T05:41:00Z,1842-1-1-001,103,245,344,434,
1741671720000,2025-03-11T05:42:00Z,1842-1-1-001,31,426,450,620,
1741671780000,2025-03-11T05:43:00Z,1842-1-1-001,0,0,0,0,
1741671840000,2025-03-11T05:44:00Z,1842-1-1-001,30,0,0,30,
1741671900000,2025-03-11T05:45:00Z,1842-1-1-001,196,530,71,569,
1741671960000,2025-03-11T05:46:00Z,1842-1-1-001,39,547,81,554,
1741672020000,2025-03-11T05:47:00Z,1842-1-1-001,0,0,0,0,
1741672080000,2025-03-11T05:48:00Z,1842-1-1-001,0,0,0,0,
1741672140000,2025-03-11T05:49:00Z,1842-1-1-001,0,0,0,0,
1741672200000,2025-03-11T05:50:00Z,1842-1-1-001,0,0,0,0,
1741672260000,2025-03-11T05:51:00Z,1842-1-1-001,4,0,0,4,
1741672320000,2025-03-11T05:52:00Z,1842-1-1-001,129,614,73,631,
1741672380000,2025-03-11T05:53:00Z,1842-1-1-001,0,0,0,0,
1741672440000,2025-03-11T05:54:00Z,1842-1-1-001,67,64,98,134,
1741672500000,2025-03-11T05:55:00Z,1842-1-1-001,0,0,0,0,
1741672560000,2025-03-11T05:56:00Z,1842-1-1-001,337,1653,1357,2165,
1741672620000,2025-03-11T05:57:00Z,1842-1-1-001,58,2186,892,2361,
1741672680000,2025-03-11T05:58:00Z,1842-1-1-001,211,1178,1263,1739,
1741672740000,2025-03-11T05:59:00Z,1842-1-1-001,250,1148,1924,2254,
1741672800000,2025-03-11T06:00:00Z,1842-1-1-001,377,357,206,558,
1741672860000,2025-03-11T06:01:00Z,1842-1-1-001,309,1757,1512,2338,
1741672920000,2025-03-11T06:02:00Z,1842-1-1-001,2250,2597,1869,3911,
1741672980000,2025-03-11T06:03:00Z,1842-1-1-001,682,280,1027,1264,
1741673040000,2025-03-11T06:04:00Z,1842-1-1-001,794,912,2548,2820,
1741673100000,2025-03-11T06:05:00Z,1842-1-1-001,546,314,527,821,
1741673160000,2025-03-11T06:06:00Z,1842-1-1-001,209,20,129,246,
1741673220000,2025-03-11T06:07:00Z,1842-1-1-001,11,0,27,29,
1741673280000,2025-03-11T06:08:00Z,1842-1-1-001,136,113,295,343,
1741673340000,2025-03-11T06:09:00Z,1842-1-1-001,1686,1234,2822,3511,
1741673400000,2025-03-11T06:10:00Z,1842-1-1-001,475,366,870,1056,
1741673460000,2025-03-11T06:11:00Z,1842-1-1-001,377,427,1836,1922,
1741673520000,2025-03-11T06:12:00Z,1842-1-1-001,2403,1563,2502,3804,
1741673580000,2025-03-11T06:13:00Z,1842-1-1-001,3287,2416,3122,5136,
1741673640000,2025-03-11T06:14:00Z,1842-1-1-001,605,825,684,1230,
1741673700000,2025-03-11T06:15:00Z,1842-1-1-001,415,1262,1442,1960,
1741673760000,2025-03-11T06:16:00Z,1842-1-1-001,590,1140,868,1549,
1741673820000,2025-03-11T06:17:00Z,1842-1-1-001,251,1111,501,1244,
1741673880000,2025-03-11T06:18:00Z,1842-1-1-001,46,458,446,640,
1741673940000,2025-03-11T06:19:00Z,1842-1-1-001,397,995,826,1352,
1741674000000,2025-03-11T06:20:00Z,1842-1-1-001,340,1400,487,1520,
1741674060000,2025-03-11T06:21:00Z,1842-1-1-001,66,543,413,685,
1741674120000,2025-03-11T06:22:00Z,1842-1-1-001,786,2227,2010,3101,
1741674180000,2025-03-11T06:23:00Z,1842-1-1-001,432,1410,476,1549,
1741674240000,2025-03-11T06:24:00Z,1842-1-1-001,1398,1745,1514,2700,
1741674300000,2025-03-11T06:25:00Z,1842-1-1-001,0,2,0,2,
1741674360000,2025-03-11T06:26:00Z,1842-1-1-001,0,22,16,27,
1741674420000,2025-03-11T06:27:00Z,1842-1-1-001,0,0,0,0,
1741674480000,2025-03-11T06:28:00Z,1842-1-1-001,0,20,0,20,
1741674540000,2025-03-11T06:29:00Z,1842-1-1-001,216,592,482,793,
1741674600000,2025-03-11T06:30:00Z,1842-1-1-001,116,339,176,399,
1741674660000,2025-03-11T06:31:00Z,1842-1-1-001,0,8,0,8,
1741674720000,2025-03-11T06:32:00Z,1842-1-1-001,0,0,0,0,
1741674780000,2025-03-11T06:33:00Z,1842-1-1-001,71,429,26,435,
1741674840000,2025-03-11T06:34:00Z,1842-1-1-001,10,227,24,228,
1741674900000,2025-03-11T06:35:00Z,1842-1-1-001,0,18,0,18,
1741674960000,2025-03-11T06:36:00Z,1842-1-1-001,0,86,0,86,
1741675020000,2025-03-11T06:37:00Z,1842-1-1-001,0,0,0,0,
1741675080000,2025-03-11T06:38:00Z,1842-1-1-001,6,196,13,196,
1741675140000,2025-03-11T06:39:00Z,1842-1-1-001,102,329,151,376,
1741675200000,2025-03-11T06:40:00Z,1842-1-1-001,17,104,0,105,
1741675260000,2025-03-11T06:41:00Z,1842-1-1-001,0,35,8,35,
1741675320000,2025-03-11T06:42:00Z,1842-1-1-001,4,362,36,363,
1741675380000,2025-03-11T06:43:00Z,1842-1-1-001,0,49,0,49,
1741675440000,2025-03-11T06:44:00Z,1842-1-1-001,277,127,109,323,
1741675500000,2025-03-11T06:45:00Z,1842-1-1-001,131,606,555,832,
1741675560000,2025-03-11T06:46:00Z,1842-1-1-001,0,0,0,0,
1741675620000,2025-03-11T06:47:00Z,1842-1-1-001,0,129,6,129,
1741675680000,2025-03-11T06:48:00Z,1842-1-1-001,19,7,0,20,
1741675740000,2025-03-11T06:49:00Z,1842-1-1-001,242,576,468,780,
1741675800000,2025-03-11T06:50:00Z,1842-1-1-001,13,182,15,183,
1741675860000,2025-03-11T06:51:00Z,1842-1-1-001,0,43,7,43,
1741675920000,2025-03-11T06:52:00Z,1842-1-1-001,8,112,8,112,
1741675980000,2025-03-11T06:53:00Z,1842-1-1-001,37,515,91,524,
1741676040000,2025-03-11T06:54:00Z,1842-1-1-001,481,857,447,1079,
1741676100000,2025-03-11T06:55:00Z,1842-1-1-001,3680,2488,2753,5226,
1741676160000,2025-03-11T06:56:00Z,1842-1-1-001,761,213,1034,1301,
1741676220000,2025-03-11T06:57:00Z,1842-1-1-001,119,36,292,317,
1741676280000,2025-03-11T06:58:00Z,1842-1-1-001,885,696,1257,1687,
1741676340000,2025-03-11T06:59:00Z,1842-1-1-001,3681,2096,5138,6658,
1741676400000,2025-03-11T07:00:00Z,1842-1-1-001,0,41,112,119,
1741676460000,2025-03-11T07:01:00Z,1842-1-1-001,1410,2302,1004,2880,
1741676520000,2025-03-11T07:02:00Z,1842-1-1-001,1301,589,786,1630,
1741676580000,2025-03-11T07:03:00Z,1842-1-1-001,2096,1157,1033,2607,
1741676640000,2025-03-11T07:04:00Z,1842-1-1-001,2922,3549,2280,5131,
1741676700000,2025-03-11T07:05:00Z,1842-1-1-001,1440,1723,2102,3075,
1741676760000,2025-03-11T07:06:00Z,1842-1-1-001,591,1415,2303,2766,
1741676820000,2025-03-11T07:07:00Z,1842-1-1-001,281,812,1223,1494,
1741676880000,2025-03-11T07:08:00Z,1842-1-1-001,82,736,384,834,
1741676940000,2025-03-11T07:09:00Z,1842-1-1-001,0,382,24,382,
1741677000000,2025-03-11T07:10:00Z,1842-1-1-001,38,603,802,1004,
1741677060000,2025-03-11T07:11:00Z,1842-1-1-001,1084,2080,2437,3382,
1741677120000,2025-03-11T07:12:00Z,1842-1-1-001,191,826,268,889,
1741677180000,2025-03-11T07:13:00Z,1842-1-1-001,29,376,207,430,
1741677240000,2025-03-11T07:14:00Z,1842-1-1-001,0,0,0,0,
1741677300000,2025-03-11T07:15:00Z,1842-1-1-001,0,0,0,0,
1741677360000,2025-03-11T07:16:00Z,1842-1-1-001,0,0,0,0,
1741677420000,2025-03-11T07:17:00Z,1842-1-1-001,0,0,0,0,
1741677480000,2025-03-11T07:18:00Z,1842-1-1-001,0,0,0,0,
1741677540000,2025-03-11T07:19:00Z,1842-1-1-001,0,0,0,0,
1741677600000,2025-03-11T07:20:00Z,1842-1-1-001,0,0,0,0,
1741677660000,2025-03-11T07:21:00Z,1842-1-1-001,0,0,0,0,
1741677720000,2025-03-11T07:22:00Z,1842-1-1-001,0,0,0,0,
1741677780000,2025-03-11T07:23:00Z,1842-1-1-001,0,0,0,0,
1741677840000,2025-03-11T07:24:00Z,1842-1-1-001,0,0,0,0,
1741677900000,2025-03-11T07:25:00Z,1842-1-1-001,0,0,0,0,
1741677960000,2025-03-11T07:26:00Z,1842-1-1-001,0,0,0,0,
1741678020000,2025-03-11T07:27:00Z,1842-1-1-001,0,0,0,0,
1741678080000,2025-03-11T07:28:00Z,1842-1-1-001,917,1056,1161,1817,
1741678140000,2025-03-11T07:29:00Z,1842-1-1-001,188,352,365,540,
1741678200000,2025-03-11T07:30:00Z,1842-1-1-001,10,107,62,124,
1741678260000,2025-03-11T07:31:00Z,1842-1-1-001,0,0,0,0,
1741678320000,2025-03-11T07:32:00Z,1842-1-1-001,209,156,292,391,
1741678380000,2025-03-11T07:33:00Z,1842-1-1-001,574,1235,829,1594,
1741678440000,2025-03-11T07:34:00Z,1842-1-1-001,1467,2744,2315,3878,
1741678500000,2025-03-11T07:35:00Z,1842-1-1-001,213,496,482,723,
1741678560000,2025-03-11T07:36:00Z,1842-1-1-001,0,0,0,0,
1741678620000,2025-03-11T07:37:00Z,1842-1-1-001,0,0,0,0,
1741678680000,2025-03-11T07:38:00Z,1842-1-1-001,0,0,0,0,
1741678740000,2025-03-11T07:39:00Z,1842-1-1-001,0,0,0,0,
1741678800000,2025-03-11T07:40:00Z,1842-1-1-001,0,0,0,0,
1741678860000,2025-03-11T07:41:00Z,1842-1-1-001,282,436,359,631,
1741678920000,2025-03-11T07:42:00Z,1842-1-1-001,0,0,0,0,
1741678980000,2025-03-11T07:43:00Z,1842-1-1-001,0,0,0,0,
1741679040000,2025-03-11T07:44:00Z,1842-1-1-001,0,0,0,0,
1741679100000,2025-03-11T07:45:00Z,1842-1-1-001,0,0,0,0,
1741679160000,2025-03-11T07:46:00Z,1842-1-1-001,0,0,0,0,
1741679220000,2025-03-11T07:47:00Z,1842-1-1-001,0,0,0,0,
1741679280000,2025-03-11T07:48:00Z,1842-1-1-001,278,1069,865,1402,
1741679340000,2025-03-11T07:49:00Z,1842-1-1-001,0,0,0,0,
1741679400000,2025-03-11T07:50:00Z,1842-1-1-001,0,0,0,0,
1741679460000,2025-03-11T07:51:00Z,1842-1-1-001,0,0,0,0,
1741679520000,2025-03-11T07:52:00Z,1842-1-1-001,0,0,0,0,
1741679580000,2025-03-11T07:53:00Z,1842-1-1-001,0,0,0,0,
1741679640000,2025-03-11T07:54:00Z,1842-1-1-001,0,0,0,0,
1741679700000,2025-03-11T07:55:00Z,1842-1-1-001,0,0,0,0,
1741679760000,2025-03-11T07:56:00Z,1842-1-1-001,0,0,0,0,
1741679820000,2025-03-11T07:57:00Z,1842-1-1-001,0,0,0,0,
1741679880000,2025-03-11T07:58:00Z,1842-1-1-001,0,0,0,0,
1741679940000,2025-03-11T07:59:00Z,1842-1-1-001,0,0,0,0,
1741680000000,2025-03-11T08:00:00Z,1842-1-1-001,0,0,0,0,
1741680060000,2025-03-11T08:01:00Z,1842-1-1-001,0,0,0,0,
1741680120000,2025-03-11T08:02:00Z,1842-1-1-001,0,0,0,0,
1741680180000,2025-03-11T08:03:00Z,1842-1-1-001,0,0,0,0,
1741680240000,2025-03-11T08:04:00Z,1842-1-1-001,0,0,0,0,
1741680300000,2025-03-11T08:05:00Z,1842-1-1-001,0,0,0,0,
1741680360000,2025-03-11T08:06:00Z,1842-1-1-001,0,0,0,0,
1741680420000,2025-03-11T08:07:00Z,1842-1-1-001,0,0,0,0,
1741680480000,2025-03-11T08:08:00Z,1842-1-1-001,0,0,0,0,
1741680540000,2025-03-11T08:09:00Z,1842-1-1-001,0,0,0,0,
1741680600000,2025-03-11T08:10:00Z,1842-1-1-001,0,0,0,0,
1741680660000,2025-03-11T08:11:00Z,1842-1-1-001,0,0,0,0,
1741680720000,2025-03-11T08:12:00Z,1842-1-1-001,0,0,0,0,
1741680780000,2025-03-11T08:13:00Z,1842-1-1-001,0,0,0,0,
1741680840000,2025-03-11T08:14:00Z,1842-1-1-001,0,0,0,0,
1741680900000,2025-03-11T08:15:00Z,1842-1-1-001,400,753,477,977,
1741680960000,2025-03-11T08:16:00Z,1842-1-1-001,0,0,0,0,
1741681020000,2025-03-11T08:17:00Z,1842-1-1-001,0,0,0,0,
1741681080000,2025-03-11T08:18:00Z,1842-1-1-001,0,0,0,0,
1741681140000,2025-03-11T08:19:00Z,1842-1-1-001,0,0,0,0,
1741681200000,2025-03-11T08:20:00Z,1842-1-1-001,0,0,0,0,
1741681260000,2025-03-11T08:21:00Z,1842-1-1-001,0,0,0,0,
1741681320000,2025-03-11T08:22:00Z,1842-1-1-001,0,0,0,0,
1741681380000,2025-03-11T08:23:00Z,1842-1-1-001,139,649,891,1111,
1741681440000,2025-03-11T08:24:00Z,1842-1-1-001,0,0,0,0,
1741681500000,2025-03-11T08:25:00Z,1842-1-1-001,0,0,0,0,
1741681560000,2025-03-11T08:26:00Z,1842-1-1-001,0,0,0,0,
1741681620000,2025-03-11T08:27:00Z,1842-1-1-001,0,0,0,0,
1741681680000,2025-03-11T08:28:00Z,1842-1-1-001,0,0,0,0,
1741681740000,2025-03-11T08:29:00Z,1842-1-1-001,340,717,597,993,
1741681800000,2025-03-11T08:30:00Z,1842-1-1-001,0,0,0,0,
1741681860000,2025-03-11T08:31:00Z,1842-1-1-001,0,0,0,0,
1741681920000,2025-03-11T08:32:00Z,1842-1-1-001,0,0,0,0,
1741681980000,2025-03-11T08:33:00Z,1842-1-1-001,0,0,0,0,
1741682040000,2025-03-11T08:34:00Z,1842-1-1-001,0,0,0,0,
1741682100000,2025-03-11T08:35:00Z,1842-1-1-001,617,617,895,1249,
1741682160000,2025-03-11T08:36:00Z,1842-1-1-001,0,0,0,0,
1741682220000,2025-03-11T08:37:00Z,1842-1-1-001,0,0,0,0,
1741682280000,2025-03-11T08:38:00Z,1842-1-1-001,0,0,0,0,
1741682340000,2025-03-11T08:39:00Z,1842-1-1-001,0,0,0,0,
1741682400000,2025-03-11T08:40:00Z,1842-1-1-001,0,0,0,0,
1741682460000,2025-03-11T08:41:00Z,1842-1-1-001,0,0,0,0,
1741682520000,2025-03-11T08:42:00Z,1842-1-1-001,0,0,0,0,
1741682580000,2025-03-11T08:43:00Z,1842-1-1-001,0,0,0,0,
1741682640000,2025-03-11T08:44:00Z,1842-1-1-001,0,0,0,0,
1741682700000,2025-03-11T08:45:00Z,1842-1-1-001,0,0,2,2,
1741682760000,2025-03-11T08:46:00Z,1842-1-1-001,0,0,0,0,
1741682820000,2025-03-11T08:47:00Z,1842-1-1-001,0,0,0,0,
1741682880000,2025-03-11T08:48:00Z,1842-1-1-001,0,0,7,7,
1741682940000,2025-03-11T08:49:00Z,1842-1-1-001,0,0,0,0,
1741683000000,2025-03-11T08:50:00Z,1842-1-1-001,0,0,0,0,
1741683060000,2025-03-11T08:51:00Z,1842-1-1-001,0,0,0,0,
1741683120000,2025-03-11T08:52:00Z,1842-1-1-001,0,0,0,0,
1741683180000,2025-03-11T08:53:00Z,1842-1-1-001,0,0,0,0,
1741683240000,2025-03-11T08:54:00Z,1842-1-1-001,0,0,0,0,
1741683300000,2025-03-11T08:55:00Z,1842-1-1-001,0,0,0,0,
1741683360000,2025-03-11T08:56:00Z,1842-1-1-001,0,0,0,0,
1741683420000,2025-03-11T08:57:00Z,1842-1-1-001,0,0,0,0,
1741683480000,2025-03-11T08:58:00Z,1842-1-1-001,0,0,0,0,
1741683540000,2025-03-11T08:59:00Z,1842-1-1-001,0,0,0,0,
1741683600000,2025-03-11T09:00:00Z,1842-1-1-001,92,71,36,121,
1741683660000,2025-03-11T09:01:00Z,1842-1-1-001,0,0,0,0,
1741683720000,2025-03-11T09:02:00Z,1842-1-1-001,741,1137,1030,1703,
1741683780000,2025-03-11T09:03:00Z,1842-1-1-001,151,913,387,1003,
1741683840000,2025-03-11T09:04:00Z,1842-1-1-001,0,0,0,0,
1741683900000,2025-03-11T09:05:00Z,1842-1-1-001,0,0,0,0,
1741683960000,2025-03-11T09:06:00Z,1842-1-1-001,0,0,0,0,
1741684020000,2025-03-11T09:07:00Z,1842-1-1-001,510,1118,1071,1630,
1741684080000,2025-03-11T09:08:00Z,1842-1-1-001,0,0,0,0,
1741684140000,2025-03-11T09:09:00Z,1842-1-1-001,0,0,0,0,
1741684200000,2025-03-11T09:10:00Z,1842-1-1-001,0,0,0,0,
1741684260000,2025-03-11T09:11:00Z,1842-1-1-001,0,0,0,0,
1741684320000,2025-03-11T09:12:00Z,1842-1-1-001,0,0,0,0,
1741684380000,2025-03-11T09:13:00Z,1842-1-1-001,0,0,0,0,
1741684440000,2025-03-11T09:14:00Z,1842-1-1-001,0,0,0,0,
1741684500000,2025-03-11T09:15:00Z,1842-1-1-001,0,0,0,0,
1741684560000,2025-03-11T09:16:00Z,1842-1-1-001,0,0,0,0,
1741684620000,2025-03-11T09:17:00Z,1842-1-1-001,0,0,0,0,
1741684680000,2025-03-11T09:18:00Z,1842-1-1-001,0,0,0,0,
1741684740000,2025-03-11T09:19:00Z,1842-1-1-001,0,0,0,0,
1741684800000,2025-03-11T09:20:00Z,1842-1-1-001,0,0,0,0,
1741684860000,2025-03-11T09:21:00Z,1842-1-1-001,0,0,0,0,
1741684920000,2025-03-11T09:22:00Z,1842-1-1-001,1127,2609,2428,3737,
1741684980000,2025-03-11T09:23:00Z,1842-1-1-001,0,0,0,0,
1741685040000,2025-03-11T09:24:00Z,1842-1-1-001,0,0,0,0,
1741685100000,2025-03-11T09:25:00Z,1842-1-1-001,0,0,0,0,
1741685160000,2025-03-11T09:26:00Z,1842-1-1-001,0,0,0,0,
1741685220000,2025-03-11T09:27:00Z,1842-1-1-001,419,771,818,1199,
1741685280000,2025-03-11T09:28:00Z,1842-1-1-001,0,0,0,0,
1741685340000,2025-03-11T09:29:00Z,1842-1-1-001,0,0,0,0,
1741685400000,2025-03-11T09:30:00Z,1842-1-1-001,0,0,0,0,
1741685460000,2025-03-11T09:31:00Z,1842-1-1-001,306,95,488,583,
1741685520000,2025-03-11T09:32:00Z,1842-1-1-001,726,1183,1184,1824,
1741685580000,2025-03-11T09:33:00Z,1842-1-1-001,0,0,0,0,
1741685640000,2025-03-11T09:34:00Z,1842-1-1-001,0,0,0,0,
1741685700000,2025-03-11T09:35:00Z,1842-1-1-001,0,0,0,0,
1741685760000,2025-03-11T09:36:00Z,1842-1-1-001,175,289,569,661,
1741685820000,2025-03-11T09:37:00Z,1842-1-1-001,234,621,309,732,
1741685880000,2025-03-11T09:38:00Z,1842-1-1-001,1,19,0,19,
1741685940000,2025-03-11T09:39:00Z,1842-1-1-001,0,0,0,0,
1741686000000,2025-03-11T09:40:00Z,1842-1-1-001,0,0,0,0,
1741686060000,2025-03-11T09:41:00Z,1842-1-1-001,0,0,0,0,
1741686120000,2025-03-11T09:42:00Z,1842-1-1-001,0,0,0,0,
1741686180000,2025-03-11T09:43:00Z,1842-1-1-001,0,0,0,0,
1741686240000,2025-03-11T09:44:00Z,1842-1-1-001,0,0,0,0,
1741686300000,2025-03-11T09:45:00Z,1842-1-1-001,0,0,0,0,
1741686360000,2025-03-11T09:46:00Z,1842-1-1-001,0,0,0,0,
1741686420000,2025-03-11T09:47:00Z,1842-1-1-001,0,0,0,0,
1741686480000,2025-03-11T09:48:00Z,1842-1-1-001,0,0,0,0,
1741686540000,2025-03-11T09:49:00Z,1842-1-1-001,0,0,0,0,
1741686600000,2025-03-11T09:50:00Z,1842-1-1-001,0,0,0,0,
1741686660000,2025-03-11T09:51:00Z,1842-1-1-001,0,0,0,0,
1741686720000,2025-03-11T09:52:00Z,1842-1-1-001,0,0,0,0,
1741686780000,2025-03-11T09:53:00Z,1842-1-1-001,0,0,0,0,
1741686840000,2025-03-11T09:54:00Z,1842-1-1-001,0,0,0,0,
1741686900000,2025-03-11T09:55:00Z,1842-1-1-001,0,0,0,0,
1741686960000,2025-03-11T09:56:00Z,1842-1-1-001,0,0,0,0,
1741687020000,2025-03-11T09:57:00Z,1842-1-1-001,0,0,0,0,
1741687080000,2025-03-11T09:58:00Z,1842-1-1-001,0,0,0,0,
1741687140000,2025-03-11T09:59:00Z,1842-1-1-001,26,139,56,152,
1741687200000,2025-03-11T10:00:00Z,1842-1-1-001,0,0,0,0,
1741687260000,2025-03-11T10:01:00Z,1842-1-1-001,0,0,0,0,
1741687320000,2025-03-11T10:02:00Z,1842-1-1-001,0,0,0,0,
1741687380000,2025-03-11T10:03:00Z,1842-1-1-001,0,0,0,0,
1741687440000,2025-03-11T10:04:00Z,1842-1-1-001,0,0,0,0,
1741687500000,2025-03-11T10:05:00Z,1842-1-1-001,0,0,0,0,
1741687560000,2025-03-11T10:06:00Z,1842-1-1-001,0,0,0,0,
1741687620000,2025-03-11T10:07:00Z,1842-1-1-001,0,0,0,0,
1741687680000,2025-03-11T10:08:00Z,1842-1-1-001,0,0,0,0,
1741687740000,2025-03-11T10:09:00Z,1842-1-1-001,0,0,0,0,
1741687800000,2025-03-11T10:10:00Z,1842-1-1-001,0,0,0,0,
1741687860000,2025-03-11T10:11:00Z,1842-1-1-001,0,0,0,0,
1741687920000,2025-03-11T10:12:00Z,1842-1-1-001,0,0,0,0,
1741687980000,2025-03-11T10:13:00Z,1842-1-1-001,0,0,0,0,
1741688040000,2025-03-11T10:14:00Z,1842-1-1-001,0,0,0,0,
1741688100000,2025-03-11T10:15:00Z,1842-1-1-001,0,0,0,0,
1741688160000,2025-03-11T10:16:00Z,1842-1-1-001,834,1861,1786,2710,
1741688220000,2025-03-11T10:17:00Z,1842-1-1-001,517,825,896,1323,
1741688280000,2025-03-11T10:18:00Z,1842-1-1-001,0,0,0,0,
1741688340000,2025-03-11T10:19:00Z,1842-1-1-001,0,0,0,0,
1741688400000,2025-03-11T10:20:00Z,1842-1-1-001,0,0,0,0,
1741688460000,2025-03-11T10:21:00Z,1842-1-1-001,0,0,0,0,
1741688520000,2025-03-11T10:22:00Z,1842-1-1-001,0,0,0,0,
1741688580000,2025-03-11T10:23:00Z,1842-1-1-001,0,0,0,0,
1741688640000,2025-03-11T10:24:00Z,1842-1-1-001,0,0,0,0,
1741688700000,2025-03-11T10:25:00Z,1842-1-1-001,0,0,0,0,
1741688760000,2025-03-11T10:26:00Z,1842-1-1-001,160,297,252,421,
1741688820000,2025-03-11T10:27:00Z,1842-1-1-001,159,314,362,504,
1741688880000,2025-03-11T10:28:00Z,1842-1-1-001,0,0,0,0,
1741688940000,2025-03-11T10:29:00Z,1842-1-1-001,6,14,14,20,
1741689000000,2025-03-11T10:30:00Z,1842-1-1-001,0,0,0,0,
1741689060000,2025-03-11T10:31:00Z,1842-1-1-001,0,0,0,0,
1741689120000,2025-03-11T10:32:00Z,1842-1-1-001,0,0,0,0,
1741689180000,2025-03-11T10:33:00Z,1842-1-1-001,0,0,0,0,
1741689240000,2025-03-11T10:34:00Z,1842-1-1-001,0,0,0,0,
1741689300000,2025-03-11T10:35:00Z,1842-1-1-001,0,0,0,0,
1741689360000,2025-03-11T10:36:00Z,1842-1-1-001,0,0,0,0,
1741689420000,2025-03-11T10:37:00Z,1842-1-1-001,0,0,0,0,
1741689480000,2025-03-11T10:38:00Z,1842-1-1-001,0,0,0,0,
1741689540000,2025-03-11T10:39:00Z,1842-1-1-001,0,0,0,0,
1741689600000,2025-03-11T10:40:00Z,1842-1-1-001,0,0,0,0,
1741689660000,2025-03-11T10:41:00Z,1842-1-1-001,0,0,0,0,
1741689720000,2025-03-11T10:42:00Z,1842-1-1-001,0,0,0,0,
1741689780000,2025-03-11T10:43:00Z,1842-1-1-001,0,0,0,0,
1741689840000,2025-03-11T10:44:00Z,1842-1-1-001,0,0,0,0,
1741689900000,2025-03-11T10:45:00Z,1842-1-1-001,0,0,0,0,
1741689960000,2025-03-11T10:46:00Z,1842-1-1-001,0,0,0,0,
1741690020000,2025-03-11T10:47:00Z,1842-1-1-001,0,0,0,0,
1741690080000,2025-03-11T10:48:00Z,1842-1-1-001,0,0,0,0,
1741690140000,2025-03-11T10:49:00Z,1842-1-1-001,0,0,0,0,
1741690200000,2025-03-11T10:50:00Z,1842-1-1-001,0,0,0,0,
1741690260000,2025-03-11T10:51:00Z,1842-1-1-001,0,0,0,0,
1741690320000,2025-03-11T10:52:00Z,1842-1-1-001,18,93,49,106,
1741690380000,2025-03-11T10:53:00Z,1842-1-1-001,0,0,0,0,
1741690440000,2025-03-11T10:54:00Z,1842-1-1-001,0,0,0,0,
1741690500000,2025-03-11T10:55:00Z,1842-1-1-001,156,436,606,762,
1741690560000,2025-03-11T10:56:00Z,1842-1-1-001,0,0,0,0,
1741690620000,2025-03-11T10:57:00Z,1842-1-1-001,92,1353,199,1370,
1741690680000,2025-03-11T10:58:00Z,1842-1-1-001,0,0,0,0,
1741690740000,2025-03-11T10:59:00Z,1842-1-1-001,0,0,0,0,
1741690800000,2025-03-11T11:00:00Z,1842-1-1-001,0,0,0,0,
1741690860000,2025-03-11T11:01:00Z,1842-1-1-001,29,405,133,427,
1741690920000,2025-03-11T11:02:00Z,1842-1-1-001,0,0,0,0,
1741690980000,2025-03-11T11:03:00Z,1842-1-1-001,0,0,0,0,
1741691040000,2025-03-11T11:04:00Z,1842-1-1-001,0,0,0,0,
1741691100000,2025-03-11T11:05:00Z,1842-1-1-001,0,0,0,0,
1741691160000,2025-03-11T11:06:00Z,1842-1-1-001,0,0,0,0,
1741691220000,2025-03-11T11:07:00Z,1842-1-1-001,0,0,0,0,
1741691280000,2025-03-11T11:08:00Z,1842-1-1-001,0,0,0,0,
1741691340000,2025-03-11T11:09:00Z,1842-1-1-001,0,0,0,0,
1741691400000,2025-03-11T11:10:00Z,1842-1-1-001,0,0,0,0,
1741691460000,2025-03-11T11:11:00Z,1842-1-1-001,295,528,465,762,
1741691520000,2025-03-11T11:12:00Z,1842-1-1-001,0,0,0,0,
1741691580000,2025-03-11T11:13:00Z,1842-1-1-001,0,0,0,0,
1741691640000,2025-03-11T11:14:00Z,1842-1-1-001,0,0,0,0,
1741691700000,2025-03-11T11:15:00Z,1842-1-1-001,0,0,0,0,
1741691760000,2025-03-11T11:16:00Z,1842-1-1-001,0,0,0,0,
1741691820000,2025-03-11T11:17:00Z,1842-1-1-001,0,0,0,0,
1741691880000,2025-03-11T11:18:00Z,1842-1-1-001,0,0,0,0,
1741691940000,2025-03-11T11:19:00Z,1842-1-1-001,0,0,0,0,
1741692000000,2025-03-11T11:20:00Z,1842-1-1-001,0,0,0,0,
1741692060000,2025-03-11T11:21:00Z,1842-1-1-001,0,0,0,0,
1741692120000,2025-03-11T11:22:00Z,1842-1-1-001,1195,2165,1469,2876,
1741692180000,2025-03-11T11:23:00Z,1842-1-1-001,0,0,0,0,
1741692240000,2025-03-11T11:24:00Z,1842-1-1-001,0,0,0,0,
1741692300000,2025-03-11T11:25:00Z,1842-1-1-001,0,0,0,0,
1741692360000,2025-03-11T11:26:00Z,1842-1-1-001,0,0,0,0,
1741692420000,2025-03-11T11:27:00Z,1842-1-1-001,0,0,0,0,
1741692480000,2025-03-11T11:28:00Z,1842-1-1-001,0,0,0,0,
1741692540000,2025-03-11T11:29:00Z,1842-1-1-001,0,0,0,0,
1741692600000,2025-03-11T11:30:00Z,1842-1-1-001,0,11,2,11,
1741692660000,2025-03-11T11:31:00Z,1842-1-1-001,0,0,0,0,
1741692720000,2025-03-11T11:32:00Z,1842-1-1-001,0,0,0,0,
1741692780000,2025-03-11T11:33:00Z,1842-1-1-001,0,0,0,0,
1741692840000,2025-03-11T11:34:00Z,1842-1-1-001,0,0,0,0,
1741692900000,2025-03-11T11:35:00Z,1842-1-1-001,0,0,0,0,
1741692960000,2025-03-11T11:36:00Z,1842-1-1-001,0,0,0,0,
1741693020000,2025-03-11T11:37:00Z,1842-1-1-001,0,0,0,0,
1741693080000,2025-03-11T11:38:00Z,1842-1-1-001,0,0,0,0,
1741693140000,2025-03-11T11:39:00Z,1842-1-1-001,0,0,0,0,
1741693200000,2025-03-11T11:40:00Z,1842-1-1-001,0,0,0,0,
1741693260000,2025-03-11T11:41:00Z,1842-1-1-001,0,0,0,0,
1741693320000,2025-03-11T11:42:00Z,1842-1-1-001,0,0,0,0,
1741693380000,2025-03-11T11:43:00Z,1842-1-1-001,0,0,0,0,
1741693440000,2025-03-11T11:44:00Z,1842-1-1-001,0,0,0,0,
1741693500000,2025-03-11T11:45:00Z,1842-1-1-001,0,0,0,0,
1741693560000,2025-03-11T11:46:00Z,1842-1-1-001,0,0,0,0,
1741693620000,2025-03-11T11:47:00Z,1842-1-1-001,1074,2569,1340,3090,
1741693680000,2025-03-11T11:48:00Z,1842-1-1-001,100,189,109,240,
1741693740000,2025-03-11T11:49:00Z,1842-1-1-001,0,0,0,0,
1741693800000,2025-03-11T11:50:00Z,1842-1-1-001,305,512,512,785,
1741693860000,2025-03-11T11:51:00Z,1842-1-1-001,0,0,0,0,
1741693920000,2025-03-11T11:52:00Z,1842-1-1-001,0,0,0,0,
1741693980000,2025-03-11T11:53:00Z,1842-1-1-001,0,0,0,0,
1741694040000,2025-03-11T11:54:00Z,1842-1-1-001,144,220,124,290,
1741694100000,2025-03-11T11:55:00Z,1842-1-1-001,0,0,0,0,
1741694160000,2025-03-11T11:56:00Z,1842-1-1-001,0,0,0,0,
1741694220000,2025-03-11T11:57:00Z,1842-1-1-001,16,0,0,16,
1741694280000,2025-03-11T11:58:00Z,1842-1-1-001,9,107,0,107,
1741694340000,2025-03-11T11:59:00Z,1842-1-1-001,0,0,0,0,
1741694400000,2025-03-11T12:00:00Z,1842-1-1-001,13,24,6,27,
1741694460000,2025-03-11T12:01:00Z,1842-1-1-001,13,46,31,56,
1741694520000,2025-03-11T12:02:00Z,1842-1-1-001,0,0,0,0,
1741694580000,2025-03-11T12:03:00Z,1842-1-1-001,0,0,0,0,
1741694640000,2025-03-11T12:04:00Z,1842-1-1-001,0,0,0,0,
1741694700000,2025-03-11T12:05:00Z,1842-1-1-001,29,126,102,164,
1741694760000,2025-03-11T12:06:00Z,1842-1-1-001,0,0,0,0,
1741694820000,2025-03-11T12:07:00Z,1842-1-1-001,0,0,0,0,
1741694880000,2025-03-11T12:08:00Z,1842-1-1-001,0,0,0,0,
1741694940000,2025-03-11T12:09:00Z,1842-1-1-001,0,0,0,0,
1741695000000,2025-03-11T12:10:00Z,1842-1-1-001,0,0,0,0,
1741695060000,2025-03-11T12:11:00Z,1842-1-1-001,0,0,0,0,
1741695120000,2025-03-11T12:12:00Z,1842-1-1-001,0,0,0,0,
1741695180000,2025-03-11T12:13:00Z,1842-1-1-001,0,0,0,0,
1741695240000,2025-03-11T12:14:00Z,1842-1-1-001,0,0,0,0,
1741695300000,2025-03-11T12:15:00Z,1842-1-1-001,0,0,0,0,
1741695360000,2025-03-11T12:16:00Z,1842-1-1-001,0,0,0,0,
1741695420000,2025-03-11T12:17:00Z,1842-1-1-001,0,0,0,0,
1741695480000,2025-03-11T12:18:00Z,1842-1-1-001,191,422,787,913,
1741695540000,2025-03-11T12:19:00Z,1842-1-1-001,848,1506,947,1970,
1741695600000,2025-03-11T12:20:00Z,1842-1-1-001,0,0,0,0,
1741695660000,2025-03-11T12:21:00Z,1842-1-1-001,0,0,0,0,
1741695720000,2025-03-11T12:22:00Z,1842-1-1-001,0,0,0,0,
1741695780000,2025-03-11T12:23:00Z,1842-1-1-001,0,0,0,0,
1741695840000,2025-03-11T12:24:00Z,1842-1-1-001,0,0,0,0,
1741695900000,2025-03-11T12:25:00Z,1842-1-1-001,0,0,0,0,
1741695960000,2025-03-11T12:26:00Z,1842-1-1-001,0,0,0,0,
1741696020000,2025-03-11T12:27:00Z,1842-1-1-001,0,0,0,0,
1741696080000,2025-03-11T12:28:00Z,1842-1-1-001,0,0,0,0,
1741696140000,2025-03-11T12:29:00Z,1842-1-1-001,0,0,0,0,
1741696200000,2025-03-11T12:30:00Z,1842-1-1-001,0,0,0,0,
1741696260000,2025-03-11T12:31:00Z,1842-1-1-001,0,0,0,0,
1741696320000,2025-03-11T12:32:00Z,1842-1-1-001,0,0,0,0,
1741696380000,2025-03-11T12:33:00Z,1842-1-1-001,0,0,0,0,
1741696440000,2025-03-11T12:34:00Z,1842-1-1-001,979,1602,693,2001,
1741696500000,2025-03-11T12:35:00Z,1842-1-1-001,0,0,0,0,
1741696560000,2025-03-11T12:36:00Z,1842-1-1-001,0,0,0,0,
1741696620000,2025-03-11T12:37:00Z,1842-1-1-001,0,0,0,0,
1741696680000,2025-03-11T12:38:00Z,1842-1-1-001,0,0,0,0,
1741696740000,2025-03-11T12:39:00Z,1842-1-1-001,451,878,711,1216,
1741696800000,2025-03-11T12:40:00Z,1842-1-1-001,0,0,0,0,
1741696860000,2025-03-11T12:41:00Z,1842-1-1-001,0,0,0,0,
1741696920000,2025-03-11T12:42:00Z,1842-1-1-001,0,0,0,0,
1741696980000,2025-03-11T12:43:00Z,1842-1-1-001,0,0,0,0,
1741697040000,2025-03-11T12:44:00Z,1842-1-1-001,516,1735,1793,2547,
1741697100000,2025-03-11T12:45:00Z,1842-1-1-001,0,0,0,0,
1741697160000,2025-03-11T12:46:00Z,1842-1-1-001,0,0,0,0,
1741697220000,2025-03-11T12:47:00Z,1842-1-1-001,0,0,0,0,
1741697280000,2025-03-11T12:48:00Z,1842-1-1-001,0,0,0,0,
1741697340000,2025-03-11T12:49:00Z,1842-1-1-001,0,0,0,0,
1741697400000,2025-03-11T12:50:00Z,1842-1-1-001,0,0,0,0,
1741697460000,2025-03-11T12:51:00Z,1842-1-1-001,0,0,0,0,
1741697520000,2025-03-11T12:52:00Z,1842-1-1-001,0,0,0,0,
1741697580000,2025-03-11T12:53:00Z,1842-1-1-001,0,0,0,0,
1741697640000,2025-03-11T12:54:00Z,1842-1-1-001,483,2179,2172,3114,
1741697700000,2025-03-11T12:55:00Z,1842-1-1-001,0,0,0,0,
1741697760000,2025-03-11T12:56:00Z,1842-1-1-001,0,302,26,303,
1741697820000,2025-03-11T12:57:00Z,1842-1-1-001,232,1175,718,1396,
1741697880000,2025-03-11T12:58:00Z,1842-1-1-001,0,0,0,0,
1741697940000,2025-03-11T12:59:00Z,1842-1-1-001,1030,1589,1251,2269,
1741698000000,2025-03-11T13:00:00Z,1842-1-1-001,0,0,0,0,
1741698060000,2025-03-11T13:01:00Z,1842-1-1-001,0,0,0,0,
1741698120000,2025-03-11T13:02:00Z,1842-1-1-001,0,0,0,0,
1741698180000,2025-03-11T13:03:00Z,1842-1-1-001,0,0,0,0,
1741698240000,2025-03-11T13:04:00Z,1842-1-1-001,0,0,0,0,
1741698300000,2025-03-11T13:05:00Z,1842-1-1-001,0,0,0,0,
1741698360000,2025-03-11T13:06:00Z,1842-1-1-001,0,0,0,0,
1741698420000,2025-03-11T13:07:00Z,1842-1-1-001,0,0,0,0,
1741698480000,2025-03-11T13:08:00Z,1842-1-1-001,0,0,0,0,
1741698540000,2025-03-11T13:09:00Z,1842-1-1-001,284,482,268,620,
1741698600000,2025-03-11T13:10:00Z,1842-1-1-001,0,0,0,0,
1741698660000,2025-03-11T13:11:00Z,1842-1-1-001,0,0,0,0,
1741698720000,2025-03-11T13:12:00Z,1842-1-1-001,0,0,0,0,
1741698780000,2025-03-11T13:13:00Z,1842-1-1-001,0,0,0,0,
1741698840000,2025-03-11T13:14:00Z,1842-1-1-001,0,0,0,0,
1741698900000,2025-03-11T13:15:00Z,1842-1-1-001,0,0,0,0,
1741698960000,2025-03-11T13:16:00Z,1842-1-1-001,0,0,0,0,
1741699020000,2025-03-11T13:17:00Z,1842-1-1-001,443,745,278,910,
1741699080000,2025-03-11T13:18:00Z,1842-1-1-001,0,0,0,0,
1741699140000,2025-03-11T13:19:00Z,1842-1-1-001,0,0,0,0,
1741699200000,2025-03-11T13:20:00Z,1842-1-1-001,0,0,0,0,
1741699260000,2025-03-11T13:21:00Z,1842-1-1-001,0,0,0,0,
1741699320000,2025-03-11T13:22:00Z,1842-1-1-001,0,0,0,0,
1741699380000,2025-03-11T13:23:00Z,1842-1-1-001,0,0,0,0,
1741699440000,2025-03-11T13:24:00Z,1842-1-1-001,0,0,0,0,
1741699500000,2025-03-11T13:25:00Z,1842-1-1-001,,,,,device_not_recording
1741699560000,2025-03-11T13:26:00Z,1842-1-1-001,,,,,device_not_recording
1741699620000,2025-03-11T13:27:00Z,1842-1-1-001,,,,,device_not_recording
1741699680000,2025-03-11T13:28:00Z,1842-1-1-001,1764,2277,1528,3260,
1741699740000,2025-03-11T13:29:00Z,1842-1-1-001,2796,2577,2600,4606,
1741699800000,2025-03-11T13:30:00Z,1842-1-1-001,476,351,734,942,
1741699860000,2025-03-11T13:31:00Z,1842-1-1-001,2349,2055,3787,4907,
1741699920000,2025-03-11T13:32:00Z,1842-1-1-001,1819,1784,2220,3379,
1741699980000,2025-03-11T13:33:00Z,1842-1-1-001,0,1,125,125,
1741700040000,2025-03-11T13:34:00Z,1842-1-1-001,1504,1411,2775,3457,
1741700100000,2025-03-11T13:35:00Z,1842-1-1-001,3454,1825,3028,4942,
1741700160000,2025-03-11T13:36:00Z,1842-1-1-001,1548,1173,2335,3037,
1741700220000,2025-03-11T13:37:00Z,1842-1-1-001,1799,1229,2934,3654,
1741700280000,2025-03-11T13:38:00Z,1842-1-1-001,1926,1266,1636,2826,
1741700340000,2025-03-11T13:39:00Z,1842-1-1-001,2145,1386,2917,3876,
1741700400000,2025-03-11T13:40:00Z,1842-1-1-001,4863,3741,5416,8183,
1741700460000,2025-03-11T13:41:00Z,1842-1-1-001,2844,3271,5803,7243,
1741700520000,2025-03-11T13:42:00Z,1842-1-1-001,1548,1183,1675,2569,
1741700580000,2025-03-11T13:43:00Z,1842-1-1-001,3950,3182,5676,7612,
1741700640000,2025-03-11T13:44:00Z,1842-1-1-001,2074,2581,3522,4833,
1741700700000,2025-03-11T13:45:00Z,1842-1-1-001,3326,2541,5854,7196,
1741700760000,2025-03-11T13:46:00Z,1842-1-1-001,2658,1575,2272,3835,
1741700820000,2025-03-11T13:47:00Z,1842-1-1-001,2504,1811,3065,4352,
1741700880000,2025-03-11T13:48:00Z,1842-1-1-001,3028,1788,2924,4573,
1741700940000,2025-03-11T13:49:00Z,1842-1-1-001,3054,1708,1692,3886,
1741701000000,2025-03-11T13:50:00Z,1842-1-1-001,3310,2835,2246,4902,
1741701060000,2025-03-11T13:51:00Z,1842-1-1-001,766,404,466,983,
1741701120000,2025-03-11T13:52:00Z,1842-1-1-001,3945,2841,2969,5696,
1741701180000,2025-03-11T13:53:00Z,1842-1-1-001,2689,2298,2470,4314,
1741701240000,2025-03-11T13:54:00Z,1842-1-1-001,2675,2310,3460,4946,
1741701300000,2025-03-11T13:55:00Z,1842-1-1-001,3122,4051,4619,6891,
1741701360000,2025-03-11T13:56:00Z,1842-1-1-001,2452,1766,2299,3796,
1741701420000,2025-03-11T13:57:00Z,1842-1-1-001,304,345,647,793,
1741701480000,2025-03-11T13:58:00Z,1842-1-1-001,1372,1788,2182,3136,
1741701540000,2025-03-11T13:59:00Z,1842-1-1-001,1890,1870,1462,3034,
1741701600000,2025-03-11T14:00:00Z,1842-1-1-001,669,1312,1407,2036,
1741701660000,2025-03-11T14:01:00Z,1842-1-1-001,775,1573,1529,2326,
1741701720000,2025-03-11T14:02:00Z,1842-1-1-001,1034,1700,1668,2596,
1741701780000,2025-03-11T14:03:00Z,1842-1-1-001,331,542,699,944,
1741701840000,2025-03-11T14:04:00Z,1842-1-1-001,316,325,674,812,
1741701900000,2025-03-11T14:05:00Z,1842-1-1-001,0,0,44,44,
1741701960000,2025-03-11T14:06:00Z,1842-1-1-001,207,398,213,496,
1741702020000,2025-03-11T14:07:00Z,1842-1-1-001,0,4,65,65,
1741702080000,2025-03-11T14:08:00Z,1842-1-1-001,1375,883,1700,2358,
1741702140000,2025-03-11T14:09:00Z,1842-1-1-001,1302,1769,1439,2625,
1741702200000,2025-03-11T14:10:00Z,1842-1-1-001,,,,,device_not_recording
1741702260000,2025-03-11T14:11:00Z,1842-1-1-001,2485,1831,1911,3630,
1741702320000,2025-03-11T14:12:00Z,1842-1-1-001,2991,3183,2210,4895,
1741702380000,2025-03-11T14:13:00Z,1842-1-1-001,2262,3328,2710,4851,
1741702440000,2025-03-11T14:14:00Z,1842-1-1-001,2276,3648,2242,4849,
1741702500000,2025-03-11T14:15:00Z,1842-1-1-001,,,,,device_not_recording
1741702560000,2025-03-11T14:16:00Z,1842-1-1-001,779,1151,873,1641,
1741702620000,2025-03-11T14:17:00Z,1842-1-1-001,,,,,device_not_recording
1741702680000,2025-03-11T14:18:00Z,1842-1-1-001,,,,,device_not_recording
1741702740000,2025-03-11T14:19:00Z,1842-1-1-001,302,743,457,923,
1741702800000,2025-03-11T14:20:00Z,1842-1-1-001,0,59,19,61,
1741702860000,2025-03-11T14:21:00Z,1842-1-1-001,506,1169,1165,1726,
1741702920000,2025-03-11T14:22:00Z,1842-1-1-001,451,583,988,1232,
1741702980000,2025-03-11T14:23:00Z,1842-1-1-001,13,41,225,229,
1741703040000,2025-03-11T14:24:00Z,1842-1-1-001,274,333,460,630,
1741703100000,2025-03-11T14:25:00Z,1842-1-1-001,133,347,315,487,
1741703160000,2025-03-11T14:26:00Z,1842-1-1-001,832,1350,1222,2002,
1741703220000,2025-03-11T14:27:00Z,1842-1-1-001,1689,2012,2181,3414,
1741703280000,2025-03-11T14:28:00Z,1842-1-1-001,5184,6018,4900,9332,
1741703340000,2025-03-11T14:29:00Z,1842-1-1-001,7459,7696,2984,11125,
1741703400000,2025-03-11T14:30:00Z,1842-1-1-001,6335,4425,1923,7963,
1741703460000,2025-03-11T14:31:00Z,1842-1-1-001,5953,3563,2354,7326,
1741703520000,2025-03-11T14:32:00Z,1842-1-1-001,4700,4065,1895,6496,
1741703580000,2025-03-11T14:33:00Z,1842-1-1-001,2688,3087,2275,4683,
1741703640000,2025-03-11T14:34:00Z,1842-1-1-001,3661,2909,1841,5025,
1741703700000,2025-03-11T14:35:00Z,1842-1-1-001,5214,2992,1713,6250,
1741703760000,2025-03-11T14:36:00Z,1842-1-1-001,4543,4347,3312,7106,
1741703820000,2025-03-11T14:37:00Z,1842-1-1-001,3922,3104,4446,6692,
1741703880000,2025-03-11T14:38:00Z,1842-1-1-001,4154,5289,4642,8171,
1741703940000,2025-03-11T14:39:00Z,1842-1-1-001,349,887,646,1151,
1741704000000,2025-03-11T14:40:00Z,1842-1-1-001,2767,2443,2848,4662,
1741704060000,2025-03-11T14:41:00Z,1842-1-1-001,34,146,5,149,
1741704120000,2025-03-11T14:42:00Z,1842-1-1-001,0,49,2,49,
1741704180000,2025-03-11T14:43:00Z,1842-1-1-001,0,54,0,54,
1741704240000,2025-03-11T14:44:00Z,1842-1-1-001,133,103,364,400,
1741704300000,2025-03-11T14:45:00Z,1842-1-1-001,1189,696,1164,1803,
1741704360000,2025-03-11T14:46:00Z,1842-1-1-001,412,505,951,1152,
1741704420000,2025-03-11T14:47:00Z,1842-1-1-001,38,126,7,131,
1741704480000,2025-03-11T14:48:00Z,1842-1-1-001,291,287,620,742,
1741704540000,2025-03-11T14:49:00Z,1842-1-1-001,217,451,310,588,
1741704600000,2025-03-11T14:50:00Z,1842-1-1-001,914,400,1020,1426,
1741704660000,2025-03-11T14:51:00Z,1842-1-1-001,618,381,529,898,
1741704720000,2025-03-11T14:52:00Z,1842-1-1-001,470,450,270,704,
1741704780000,2025-03-11T14:53:00Z,1842-1-1-001,73,327,196,388,
1741704840000,2025-03-11T14:54:00Z,1842-1-1-001,669,1550,1191,2066,
1741704900000,2025-03-11T14:55:00Z,1842-1-1-001,2378,2853,2693,4587,
1741704960000,2025-03-11T14:56:00Z,1842-1-1-001,579,366,604,913,
1741705020000,2025-03-11T14:57:00Z,1842-1-1-001,1242,869,847,1736,
1741705080000,2025-03-11T14:58:00Z,1842-1-1-001,196,306,353,506,
1741705140000,2025-03-11T14:59:00Z,1842-1-1-001,375,536,675,939,
1741705200000,2025-03-11T15:00:00Z,1842-1-1-001,0,0,103,103,
1741705260000,2025-03-11T15:01:00Z,1842-1-1-001,345,292,391,597,
1741705320000,2025-03-11T15:02:00Z,1842-1-1-001,19,62,25,69,
1741705380000,2025-03-11T15:03:00Z,1842-1-1-001,169,161,266,353,
1741705440000,2025-03-11T15:04:00Z,1842-1-1-001,48,203,100,231,
1741705500000,2025-03-11T15:05:00Z,1842-1-1-001,1,0,0,1,
1741705560000,2025-03-11T15:06:00Z,1842-1-1-001,465,452,434,780,
1741705620000,2025-03-11T15:07:00Z,1842-1-1-001,1947,613,893,2228,
1741705680000,2025-03-11T15:08:00Z,1842-1-1-001,1190,1180,1296,2118,
1741705740000,2025-03-11T15:09:00Z,1842-1-1-001,2706,2347,3677,5133,
1741705800000,2025-03-11T15:10:00Z,1842-1-1-001,11,24,12,29,
1741705860000,2025-03-11T15:11:00Z,1842-1-1-001,199,197,448,528,
1741705920000,2025-03-11T15:12:00Z,1842-1-1-001,81,107,310,337,
1741705980000,2025-03-11T15:13:00Z,1842-1-1-001,0,0,37,37,
1741706040000,2025-03-11T15:14:00Z,1842-1-1-001,277,379,702,844,
1741706100000,2025-03-11T15:15:00Z,1842-1-1-001,628,919,1323,1728,
1741706160000,2025-03-11T15:16:00Z,1842-1-1-001,444,484,501,826,
1741706220000,2025-03-11T15:17:00Z,1842-1-1-001,574,636,1411,1650,
1741706280000,2025-03-11T15:18:00Z,1842-1-1-001,430,801,982,1338,
1741706340000,2025-03-11T15:19:00Z,1842-1-1-001,3679,3083,4268,6423,
1741706400000,2025-03-11T15:20:00Z,1842-1-1-001,60,13,122,136,
1741706460000,2025-03-11T15:21:00Z,1842-1-1-001,,,,,device_not_recording
1741706520000,2025-03-11T15:22:00Z,1842-1-1-001,2115,1887,1205,3079,
1741706580000,2025-03-11T15:23:00Z,1842-1-1-001,0,0,1,1,
1741706640000,2025-03-11T15:24:00Z,1842-1-1-001,0,0,0,0,
1741706700000,2025-03-11T15:25:00Z,1842-1-1-001,2784,2465,1619,4055,
1741706760000,2025-03-11T15:26:00Z,1842-1-1-001,4132,3355,3951,6628,
1741706820000,2025-03-11T15:27:00Z,1842-1-1-001,968,1040,990,1731,
1741706880000,2025-03-11T15:28:00Z,1842-1-1-001,3522,3008,3493,5801,
1741706940000,2025-03-11T15:29:00Z,1842-1-1-001,579,328,716,977,
1741707000000,2025-03-11T15:30:00Z,1842-1-1-001,2314,1665,2751,3961,
1741707060000,2025-03-11T15:31:00Z,1842-1-1-001,6069,4894,5600,9599,
1741707120000,2025-03-11T15:32:00Z,1842-1-1-001,7241,4564,5070,9948,
1741707180000,2025-03-11T15:33:00Z,1842-1-1-001,994,593,608,1307,
1741707240000,2025-03-11T15:34:00Z,1842-1-1-001,8671,6306,4551,11647,
1741707300000,2025-03-11T15:35:00Z,1842-1-1-001,4408,3295,3095,6313,
1741707360000,2025-03-11T15:36:00Z,1842-1-1-001,507,440,414,788,
1741707420000,2025-03-11T15:37:00Z,1842-1-1-001,497,159,505,726,
1741707480000,2025-03-11T15:38:00Z,1842-1-1-001,2291,1662,1219,3081,
1741707540000,2025-03-11T15:39:00Z,1842-1-1-001,5633,3758,3496,7620,
1741707600000,2025-03-11T15:40:00Z,1842-1-1-001,4021,2726,2714,5564,
1741707660000,2025-03-11T15:41:00Z,1842-1-1-001,4463,3650,4887,7558,
1741707720000,2025-03-11T15:42:00Z,1842-1-1-001,6448,4593,5958,9908,
1741707780000,2025-03-11T15:43:00Z,1842-1-1-001,6563,5404,5941,10371,
1741707840000,2025-03-11T15:44:00Z,1842-1-1-001,798,739,632,1257,
1741707900000,2025-03-11T15:45:00Z,1842-1-1-001,3019,1973,2859,4602,
1741707960000,2025-03-11T15:46:00Z,1842-1-1-001,5262,5514,5877,9624,
1741708020000,2025-03-11T15:47:00Z,1842-1-1-001,3083,3349,5767,7347,
1741708080000,2025-03-11T15:48:00Z,1842-1-1-001,2533,3058,4833,6255,
1741708140000,2025-03-11T15:49:00Z,1842-1-1-001,2711,2610,4139,5594,
1741708200000,2025-03-11T15:50:00Z,1842-1-1-001,4213,3265,4411,6918,
1741708260000,2025-03-11T15:51:00Z,1842-1-1-001,6214,4671,5525,9537,
1741708320000,2025-03-11T15:52:00Z,1842-1-1-001,8537,6588,6889,12796,
1741708380000,2025-03-11T15:53:00Z,1842-1-1-001,3804,3548,5346,7459,
1741708440000,2025-03-11T15:54:00Z,1842-1-1-001,2812,2105,4297,5550,
1741708500000,2025-03-11T15:55:00Z,1842-1-1-001,1370,1521,2096,2929,
1741708560000,2025-03-11T15:56:00Z,1842-1-1-001,2860,1388,1969,3739,
1741708620000,2025-03-11T15:57:00Z,1842-1-1-001,4184,2968,3324,6112,
1741708680000,2025-03-11T15:58:00Z,1842-1-1-001,2602,2996,3737,5450,
1741708740000,2025-03-11T15:59:00Z,1842-1-1-001,2048,1377,2227,3324,
1741708800000,2025-03-11T16:00:00Z,1842-1-1-001,2398,1913,3299,4504,
1741708860000,2025-03-11T16:01:00Z,1842-1-1-001,3942,3808,5191,7548,
1741708920000,2025-03-11T16:02:00Z,1842-1-1-001,2907,2523,2805,4762,
1741708980000,2025-03-11T16:03:00Z,1842-1-1-001,54,208,82,230,
1741709040000,2025-03-11T16:04:00Z,1842-1-1-001,80,53,70,118,
1741709100000,2025-03-11T16:05:00Z,1842-1-1-001,1178,2583,5188,5913,
1741709160000,2025-03-11T16:06:00Z,1842-1-1-001,1764,1218,2777,3508,
1741709220000,2025-03-11T16:07:00Z,1842-1-1-001,1381,1398,1581,2522,
1741709280000,2025-03-11T16:08:00Z,1842-1-1-001,1544,1729,2502,3410,
1741709340000,2025-03-11T16:09:00Z,1842-1-1-001,2253,1942,2549,3917,
1741709400000,2025-03-11T16:10:00Z,1842-1-1-001,784,884,2650,2901,
1741709460000,2025-03-11T16:11:00Z,1842-1-1-001,773,787,799,1362,
1741709520000,2025-03-11T16:12:00Z,1842-1-1-001,3496,2184,5613,6964,
1741709580000,2025-03-11T16:13:00Z,1842-1-1-001,1506,1570,2383,3226,
1741709640000,2025-03-11T16:14:00Z,1842-1-1-001,273,213,300,458,
1741709700000,2025-03-11T16:15:00Z,1842-1-1-001,569,737,782,1215,
1741709760000,2025-03-11T16:16:00Z,1842-1-1-001,1162,990,2426,2866,
1741709820000,2025-03-11T16:17:00Z,1842-1-1-001,1092,528,492,1308,
1741709880000,2025-03-11T16:18:00Z,1842-1-1-001,513,465,1029,1240,
1741709940000,2025-03-11T16:19:00Z,1842-1-1-001,2501,2401,4026,5313,
1741710000000,2025-03-11T16:20:00Z,1842-1-1-001,1435,1605,1971,2918,
1741710060000,2025-03-11T16:21:00Z,1842-1-1-001,1938,1259,962,2503,
1741710120000,2025-03-11T16:22:00Z,1842-1-1-001,2455,2293,1529,3690,
1741710180000,2025-03-11T16:23:00Z,1842-1-1-001,2146,1400,1594,3017,
1741710240000,2025-03-11T16:24:00Z,1842-1-1-001,342,380,742,901,
1741710300000,2025-03-11T16:25:00Z,1842-1-1-001,38,74,111,138,
1741710360000,2025-03-11T16:26:00Z,1842-1-1-001,577,552,759,1101,
1741710420000,2025-03-11T16:27:00Z,1842-1-1-001,172,460,1103,1207,
1741710480000,2025-03-11T16:28:00Z,1842-1-1-001,632,550,1263,1515,
1741710540000,2025-03-11T16:29:00Z,1842-1-1-001,3163,3027,4450,6242,
1741710600000,2025-03-11T16:30:00Z,1842-1-1-001,2002,1852,4035,4870,
1741710660000,2025-03-11T16:31:00Z,1842-1-1-001,684,740,941,1378,
1741710720000,2025-03-11T16:32:00Z,1842-1-1-001,1122,1611,4006,4461,
1741710780000,2025-03-11T16:33:00Z,1842-1-1-001,2060,1635,3074,4045,
1741710840000,2025-03-11T16:34:00Z,1842-1-1-001,2075,1198,1622,2893,
1741710900000,2025-03-11T16:35:00Z,1842-1-1-001,762,771,1235,1643,
1741710960000,2025-03-11T16:36:00Z,1842-1-1-001,,,,,device_not_recording
1741711020000,2025-03-11T16:37:00Z,1842-1-1-001,,,,,device_not_recording
1741711080000,2025-03-11T16:38:00Z,1842-1-1-001,,,,,device_not_recording
1741711140000,2025-03-11T16:39:00Z,1842-1-1-001,,,,,device_not_recording
1741711200000,2025-03-11T16:40:00Z,1842-1-1-001,,,,,device_not_recording
1741711260000,2025-03-11T16:41:00Z,1842-1-1-001,218,1068,360,1147,
1741711320000,2025-03-11T16:42:00Z,1842-1-1-001,837,753,719,1335,
1741711380000,2025-03-11T16:43:00Z,1842-1-1-001,2187,1800,1436,3175,
1741711440000,2025-03-11T16:44:00Z,1842-1-1-001,4734,3709,3782,7104,
1741711500000,2025-03-11T16:45:00Z,1842-1-1-001,2335,1851,2022,3600,
1741711560000,2025-03-11T16:46:00Z,1842-1-1-001,2573,1960,1723,3664,
1741711620000,2025-03-11T16:47:00Z,1842-1-1-001,4748,2699,2814,6143,
1741711680000,2025-03-11T16:48:00Z,1842-1-1-001,4076,4348,4987,7771,
1741711740000,2025-03-11T16:49:00Z,1842-1-1-001,2969,2139,2210,4274,
1741711800000,2025-03-11T16:50:00Z,1842-1-1-001,2838,2508,1791,4189,
1741711860000,2025-03-11T16:51:00Z,1842-1-1-001,,,,,device_not_recording
1741711920000,2025-03-11T16:52:00Z,1842-1-1-001,,,,,device_not_recording
1741711980000,2025-03-11T16:53:00Z,1842-1-1-001,,,,,device_not_recording
1741712040000,2025-03-11T16:54:00Z,1842-1-1-001,,,,,device_not_recording
1741712100000,2025-03-11T16:55:00Z,1842-1-1-001,,,,,device_not_recording
1741712160000,2025-03-11T16:56:00Z,1842-1-1-001,,,,,device_not_recording
1741712220000,2025-03-11T16:57:00Z,1842-1-1-001,,,,,device_not_recording
1741712280000,2025-03-11T16:58:00Z,1842-1-1-001,,,,,device_not_recording
1741712340000,2025-03-11T16:59:00Z,1842-1-1-001,,,,,device_not_recording
1741712400000,2025-03-11T17:00:00Z,1842-1-1-001,,,,,device_not_recording
1741712460000,2025-03-11T17:01:00Z,1842-1-1-001,,,,,device_not_recording
1741712520000,2025-03-11T17:02:00Z,1842-1-1-001,,,,,device_not_recording
1741712580000,2025-03-11T17:03:00Z,1842-1-1-001,,,,,device_not_recording
1741712640000,2025-03-11T17:04:00Z,1842-1-1-001,,,,,device_not_recording
1741712700000,2025-03-11T17:05:00Z,1842-1-1-001,,,,,device_not_recording
1741712760000,2025-03-11T17:06:00Z,1842-1-1-001,,,,,device_not_recording
1741712820000,2025-03-11T17:07:00Z,1842-1-1-001,,,,,device_not_recording
1741712880000,2025-03-11T17:08:00Z,1842-1-1-001,,,,,device_not_recording
1741712940000,2025-03-11T17:09:00Z,1842-1-1-001,,,,,device_not_recording
1741713000000,2025-03-11T17:10:00Z,1842-1-1-001,,,,,device_not_recording
1741713060000,2025-03-11T17:11:00Z,1842-1-1-001,,,,,device_not_recording
1741713120000,2025-03-11T17:12:00Z,1842-1-1-001,,,,,device_not_recording
1741713180000,2025-03-11T17:13:00Z,1842-1-1-001,,,,,device_not_recording
1741713240000,2025-03-11T17:14:00Z,1842-1-1-001,,,,,device_not_recording
1741713300000,2025-03-11T17:15:00Z,1842-1-1-001,,,,,device_not_recording
1741713360000,2025-03-11T17:16:00Z,1842-1-1-001,,,,,device_not_recording
1741713420000,2025-03-11T17:17:00Z,1842-1-1-001,,,,,device_not_recording
1741713480000,2025-03-11T17:18:00Z,1842-1-1-001,,,,,device_not_recording
1741713540000,2025-03-11T17:19:00Z,1842-1-1-001,,,,,device_not_recording
1741713600000,2025-03-11T17:20:00Z,1842-1-1-001,,,,,device_not_recording
1741713660000,2025-03-11T17:21:00Z,1842-1-1-001,,,,,device_not_recording
1741713720000,2025-03-11T17:22:00Z,1842-1-1-001,,,,,device_not_recording
1741713780000,2025-03-11T17:23:00Z,1842-1-1-001,,,,,device_not_recording
1741713840000,2025-03-11T17:24:00Z,1842-1-1-001,,,,,device_not_recording
1741713900000,2025-03-11T17:25:00Z,1842-1-1-001,,,,,device_not_recording
1741713960000,2025-03-11T17:26:00Z,1842-1-1-001,,,,,device_not_recording
1741714020000,2025-03-11T17:27:00Z,1842-1-1-001,,,,,device_not_recording
1741714080000,2025-03-11T17:28:00Z,1842-1-1-001,,,,,device_not_recording
1741714140000,2025-03-11T17:29:00Z,1842-1-1-001,,,,,device_not_recording
1741714200000,2025-03-11T17:30:00Z,1842-1-1-001,,,,,device_not_recording
1741714260000,2025-03-11T17:31:00Z,1842-1-1-001,,,,,device_not_recording
1741714320000,2025-03-11T17:32:00Z,1842-1-1-001,,,,,device_not_recording
1741714380000,2025-03-11T17:33:00Z,1842-1-1-001,,,,,device_not_recording
1741714440000,2025-03-11T17:34:00Z,1842-1-1-001,,,,,device_not_recording
1741714500000,2025-03-11T17:35:00Z,1842-1-1-001,,,,,device_not_recording
1741714560000,2025-03-11T17:36:00Z,1842-1-1-001,,,,,device_not_recording
1741714620000,2025-03-11T17:37:00Z,1842-1-1-001,,,,,device_not_recording
1741714680000,2025-03-11T17:38:00Z,1842-1-1-001,,,,,device_not_recording
1741714740000,2025-03-11T17:39:00Z,1842-1-1-001,,,,,device_not_recording
1741714800000,2025-03-11T17:40:00Z,1842-1-1-001,,,,,device_not_recording
1741714860000,2025-03-11T17:41:00Z,1842-1-1-001,,,,,device_not_recording
1741714920000,2025-03-11T17:42:00Z,1842-1-1-001,,,,,device_not_recording
1741714980000,2025-03-11T17:43:00Z,1842-1-1-001,,,,,device_not_recording
1741715040000,2025-03-11T17:44:00Z,1842-1-1-001,,,,,device_not_recording
1741715100000,2025-03-11T17:45:00Z,1842-1-1-001,,,,,device_not_recording
1741715160000,2025-03-11T17:46:00Z,1842-1-1-001,,,,,device_not_recording
1741715220000,2025-03-11T17:47:00Z,1842-1-1-001,,,,,device_not_recording
1741715280000,2025-03-11T17:48:00Z,1842-1-1-001,,,,,device_not_recording
1741715340000,2025-03-11T17:49:00Z,1842-1-1-001,,,,,device_not_recording
1741715400000,2025-03-11T17:50:00Z,1842-1-1-001,,,,,device_not_recording
1741715460000,2025-03-11T17:51:00Z,1842-1-1-001,,,,,device_not_recording
1741715520000,2025-03-11T17:52:00Z,1842-1-1-001,,,,,device_not_recording
1741715580000,2025-03-11T17:53:00Z,1842-1-1-001,,,,,device_not_recording
1741715640000,2025-03-11T17:54:00Z,1842-1-1-001,,,,,device_not_recording
1741715700000,2025-03-11T17:55:00Z,1842-1-1-001,,,,,device_not_recording
1741715760000,2025-03-11T17:56:00Z,1842-1-1-001,,,,,device_not_recording
1741715820000,2025-03-11T17:57:00Z,1842-1-1-001,,,,,device_not_recording
1741715880000,2025-03-11T17:58:00Z,1842-1-1-001,,,,,device_not_recording
1741715940000,2025-03-11T17:59:00Z,1842-1-1-001,,,,,device_not_recording
1741716000000,2025-03-11T18:00:00Z,1842-1-1-001,,,,,device_not_recording
1741716060000,2025-03-11T18:01:00Z,1842-1-1-001,,,,,device_not_recording
1741716120000,2025-03-11T18:02:00Z,1842-1-1-001,,,,,device_not_recording
1741716180000,2025-03-11T18:03:00Z,1842-1-1-001,,,,,device_not_recording
1741716240000,2025-03-11T18:04:00Z,1842-1-1-001,,,,,device_not_recording
1741716300000,2025-03-11T18:05:00Z,1842-1-1-001,,,,,device_not_recording
1741716360000,2025-03-11T18:06:00Z,1842-1-1-001,,,,,device_not_recording
1741716420000,2025-03-11T18:07:00Z,1842-1-1-001,,,,,device_not_recording
1741716480000,2025-03-11T18:08:00Z,1842-1-1-001,,,,,device_not_recording
1741716540000,2025-03-11T18:09:00Z,1842-1-1-001,,,,,device_not_recording
1741716600000,2025-03-11T18:10:00Z,1842-1-1-001,,,,,device_not_recording
1741716660000,2025-03-11T18:11:00Z,1842-1-1-001,,,,,device_not_recording
1741716720000,2025-03-11T18:12:00Z,1842-1-1-001,,,,,device_not_recording
1741716780000,2025-03-11T18:13:00Z,1842-1-1-001,,,,,device_not_recording
1741716840000,2025-03-11T18:14:00Z,1842-1-1-001,,,,,device_not_recording
1741716900000,2025-03-11T18:15:00Z,1842-1-1-001,,,,,device_not_recording
1741716960000,2025-03-11T18:16:00Z,1842-1-1-001,,,,,device_not_recording
1741717020000,2025-03-11T18:17:00Z,1842-1-1-001,,,,,device_not_recording
1741717080000,2025-03-11T18:18:00Z,1842-1-1-001,,,,,device_not_recording
1741717140000,2025-03-11T18:19:00Z,1842-1-1-001,,,,,device_not_recording
1741717200000,2025-03-11T18:20:00Z,1842-1-1-001,,,,,device_not_recording
1741717260000,2025-03-11T18:21:00Z,1842-1-1-001,,,,,device_not_recording
1741717320000,2025-03-11T18:22:00Z,1842-1-1-001,,,,,device_not_recording
1741717380000,2025-03-11T18:23:00Z,1842-1-1-001,,,,,device_not_recording
1741717440000,2025-03-11T18:24:00Z,1842-1-1-001,,,,,device_not_recording
1741717500000,2025-03-11T18:25:00Z,1842-1-1-001,,,,,device_not_recording
1741717560000,2025-03-11T18:26:00Z,1842-1-1-001,,,,,device_not_recording
1741717620000,2025-03-11T18:27:00Z,1842-1-1-001,,,,,device_not_recording
1741717680000,2025-03-11T18:28:00Z,1842-1-1-001,,,,,device_not_recording
1741717740000,2025-03-11T18:29:00Z,1842-1-1-001,,,,,device_not_recording
1741717800000,2025-03-11T18:30:00Z,1842-1-1-001,,,,,device_not_recording
1741717860000,2025-03-11T18:31:00Z,1842-1-1-001,,,,,device_not_recording
1741717920000,2025-03-11T18:32:00Z,1842-1-1-001,,,,,device_not_recording
1741717980000,2025-03-11T18:33:00Z,1842-1-1-001,,,,,device_not_recording
1741718040000,2025-03-11T18:34:00Z,1842-1-1-001,,,,,device_not_recording
1741718100000,2025-03-11T18:35:00Z,1842-1-1-001,,,,,device_not_recording
1741718160000,2025-03-11T18:36:00Z,1842-1-1-001,,,,,device_not_recording
1741718220000,2025-03-11T18:37:00Z,1842-1-1-001,,,,,device_not_recording
1741718280000,2025-03-11T18:38:00Z,1842-1-1-001,,,,,device_not_recording
1741718340000,2025-03-11T18:39:00Z,1842-1-1-001,,,,,device_not_recording
1741718400000,2025-03-11T18:40:00Z,1842-1-1-001,,,,,device_not_recording
1741718460000,2025-03-11T18:41:00Z,1842-1-1-001,,,,,device_not_recording
1741718520000,2025-03-11T18:42:00Z,1842-1-1-001,,,,,device_not_recording
1741718580000,2025-03-11T18:43:00Z,1842-1-1-001,,,,,device_not_recording
1741718640000,2025-03-11T18:44:00Z,1842-1-1-001,,,,,device_not_recording
1741718700000,2025-03-11T18:45:00Z,1842-1-1-001,,,,,device_not_recording
1741718760000,2025-03-11T18:46:00Z,1842-1-1-001,,,,,device_not_recording
1741718820000,2025-03-11T18:47:00Z,1842-1-1-001,,,,,device_not_recording
1741718880000,2025-03-11T18:48:00Z,1842-1-1-001,,,,,device_not_recording
1741718940000,2025-03-11T18:49:00Z,1842-1-1-001,,,,,device_not_recording
1741719000000,2025-03-11T18:50:00Z,1842-1-1-001,,,,,device_not_recording
1741719060000,2025-03-11T18:51:00Z,1842-1-1-001,,,,,device_not_recording
1741719120000,2025-03-11T18:52:00Z,1842-1-1-001,,,,,device_not_recording
1741719180000,2025-03-11T18:53:00Z,1842-1-1-001,,,,,device_not_recording
1741719240000,2025-03-11T18:54:00Z,1842-1-1-001,,,,,device_not_recording
1741719300000,2025-03-11T18:55:00Z,1842-1-1-001,,,,,device_not_recording
1741719360000,2025-03-11T18:56:00Z,1842-1-1-001,,,,,device_not_recording
1741719420000,2025-03-11T18:57:00Z,1842-1-1-001,,,,,device_not_recording
1741719480000,2025-03-11T18:58:00Z,1842-1-1-001,,,,,device_not_recording
1741719540000,2025-03-11T18:59:00Z,1842-1-1-001,,,,,device_not_recording
1741719600000,2025-03-11T19:00:00Z,1842-1-1-001,,,,,device_not_recording
1741719660000,2025-03-11T19:01:00Z,1842-1-1-001,,,,,device_not_recording
1741719720000,2025-03-11T19:02:00Z,1842-1-1-001,,,,,device_not_recording
1741719780000,2025-03-11T19:03:00Z,1842-1-1-001,,,,,device_not_recording
1741719840000,2025-03-11T19:04:00Z,1842-1-1-001,,,,,device_not_recording
1741719900000,2025-03-11T19:05:00Z,1842-1-1-001,,,,,device_not_recording
1741719960000,2025-03-11T19:06:00Z,1842-1-1-001,,,,,device_not_recording
1741720020000,2025-03-11T19:07:00Z,1842-1-1-001,,,,,device_not_recording
1741720080000,2025-03-11T19:08:00Z,1842-1-1-001,,,,,device_not_recording
1741720140000,2025-03-11T19:09:00Z,1842-1-1-001,,,,,device_not_recording
1741720200000,2025-03-11T19:10:00Z,1842-1-1-001,,,,,device_not_recording
1741720260000,2025-03-11T19:11:00Z,1842-1-1-001,,,,,device_not_recording
1741720320000,2025-03-11T19:12:00Z,1842-1-1-001,,,,,device_not_recording
1741720380000,2025-03-11T19:13:00Z,1842-1-1-001,275,581,250,689,
1741720440000,2025-03-11T19:14:00Z,1842-1-1-001,1460,3016,2336,4084,
1741720500000,2025-03-11T19:15:00Z,1842-1-1-001,749,913,816,1435,
1741720560000,2025-03-11T19:16:00Z,1842-1-1-001,557,727,681,1141,
1741720620000,2025-03-11T19:17:00Z,1842-1-1-001,592,964,768,1367,
1741720680000,2025-03-11T19:18:00Z,1842-1-1-001,1134,1585,987,2184,
1741720740000,2025-03-11T19:19:00Z,1842-1-1-001,220,620,250,703,
1741720800000,2025-03-11T19:20:00Z,1842-1-1-001,0,105,0,105,
1741720860000,2025-03-11T19:21:00Z,1842-1-1-001,0,139,0,139,
1741720920000,2025-03-11T19:22:00Z,1842-1-1-001,1,144,8,144,
1741720980000,2025-03-11T19:23:00Z,1842-1-1-001,299,781,113,843,
1741721040000,2025-03-11T19:24:00Z,1842-1-1-001,185,438,219,523,
1741721100000,2025-03-11T19:25:00Z,1842-1-1-001,29,519,2,519,
1741721160000,2025-03-11T19:26:00Z,1842-1-1-001,0,163,0,163,
1741721220000,2025-03-11T19:27:00Z,1842-1-1-001,1,472,13,472,
1741721280000,2025-03-11T19:28:00Z,1842-1-1-001,57,88,0,104,
1741721340000,2025-03-11T19:29:00Z,1842-1-1-001,8,105,0,105,
1741721400000,2025-03-11T19:30:00Z,1842-1-1-001,22,349,4,349,
1741721460000,2025-03-11T19:31:00Z,1842-1-1-001,213,779,72,810,
1741721520000,2025-03-11T19:32:00Z,1842-1-1-001,,,,,device_not_recording
1741721580000,2025-03-11T19:33:00Z,1842-1-1-001,,,,,device_not_recording
1741721640000,2025-03-11T19:34:00Z,1842-1-1-001,,,,,device_not_recording
1741721700000,2025-03-11T19:35:00Z,1842-1-1-001,,,,,device_not_recording
1741721760000,2025-03-11T19:36:00Z,1842-1-1-001,,,,,device_not_recording
1741721820000,2025-03-11T19:37:00Z,1842-1-1-001,,,,,device_not_recording
1741721880000,2025-03-11T19:38:00Z,1842-1-1-001,,,,,device_not_recording
1741721940000,2025-03-11T19:39:00Z,1842-1-1-001,,,,,device_not_recording
1741722000000,2025-03-11T19:40:00Z,1842-1-1-001,,,,,device_not_recording
1741722060000,2025-03-11T19:41:00Z,1842-1-1-001,,,,,device_not_recording
1741722120000,2025-03-11T19:42:00Z,1842-1-1-001,,,,,device_not_recording
1741722180000,2025-03-11T19:43:00Z,1842-1-1-001,,,,,device_not_recording
1741722240000,2025-03-11T19:44:00Z,1842-1-1-001,,,,,device_not_recording
1741722300000,2025-03-11T19:45:00Z,1842-1-1-001,,,,,device_not_recording
1741722360000,2025-03-11T19:46:00Z,1842-1-1-001,,,,,device_not_recording
1741722420000,2025-03-11T19:47:00Z,1842-1-1-001,,,,,device_not_recording
1741722480000,2025-03-11T19:48:00Z,1842-1-1-001,,,,,device_not_recording
1741722540000,2025-03-11T19:49:00Z,1842-1-1-001,,,,,device_not_recording
1741722600000,2025-03-11T19:50:00Z,1842-1-1-001,,,,,device_not_recording
1741722660000,2025-03-11T19:51:00Z,1842-1-1-001,,,,,device_not_recording
1741722720000,2025-03-11T19:52:00Z,1842-1-1-001,,,,,device_not_recording
1741722780000,2025-03-11T19:53:00Z,1842-1-1-001,,,,,device_not_recording
1741722840000,2025-03-11T19:54:00Z,1842-1-1-001,,,,,device_not_recording
1741722900000,2025-03-11T19:55:00Z,1842-1-1-001,,,,,device_not_recording
1741722960000,2025-03-11T19:56:00Z,1842-1-1-001,,,,,device_not_recording
1741723020000,2025-03-11T19:57:00Z,1842-1-1-001,,,,,device_not_recording
1741723080000,2025-03-11T19:58:00Z,1842-1-1-001,,,,,device_not_recording
1741723140000,2025-03-11T19:59:00Z,1842-1-1-001,,,,,device_not_recording
1741723200000,2025-03-11T20:00:00Z,1842-1-1-001,,,,,device_not_recording
1741723260000,2025-03-11T20:01:00Z,1842-1-1-001,,,,,device_not_recording
1741723320000,2025-03-11T20:02:00Z,1842-1-1-001,,,,,device_not_recording
1741723380000,2025-03-11T20:03:00Z,1842-1-1-001,,,,,device_not_recording
1741723440000,2025-03-11T20:04:00Z,1842-1-1-001,,,,,device_not_recording
1741723500000,2025-03-11T20:05:00Z,1842-1-1-001,,,,,device_not_recording
1741723560000,2025-03-11T20:06:00Z,1842-1-1-001,,,,,device_not_recording
1741723620000,2025-03-11T20:07:00Z,1842-1-1-001,,,,,device_not_recording
1741723680000,2025-03-11T20:08:00Z,1842-1-1-001,,,,,device_not_recording
1741723740000,2025-03-11T20:09:00Z,1842-1-1-001,,,,,device_not_recording
1741723800000,2025-03-11T20:10:00Z,1842-1-1-001,,,,,device_not_recording
1741723860000,2025-03-11T20:11:00Z,1842-1-1-001,,,,,device_not_recording
1741723920000,2025-03-11T20:12:00Z,1842-1-1-001,,,,,device_not_recording
1741723980000,2025-03-11T20:13:00Z,1842-1-1-001,,,,,device_not_recording
1741724040000,2025-03-11T20:14:00Z,1842-1-1-001,,,,,device_not_recording
1741724100000,2025-03-11T20:15:00Z,1842-1-1-001,,,,,device_not_recording
1741724160000,2025-03-11T20:16:00Z,1842-1-1-001,,,,,device_not_recording
1741724220000,2025-03-11T20:17:00Z,1842-1-1-001,,,,,device_not_recording
1741724280000,2025-03-11T20:18:00Z,1842-1-1-001,,,,,device_not_recording
1741724340000,2025-03-11T20:19:00Z,1842-1-1-001,,,,,device_not_recording
1741724400000,2025-03-11T20:20:00Z,1842-1-1-001,,,,,device_not_recording
1741724460000,2025-03-11T20:21:00Z,1842-1-1-001,,,,,device_not_recording
1741724520000,2025-03-11T20:22:00Z,1842-1-1-001,,,,,device_not_recording
1741724580000,2025-03-11T20:23:00Z,1842-1-1-001,,,,,device_not_recording
1741724640000,2025-03-11T20:24:00Z,1842-1-1-001,,,,,device_not_recording
1741724700000,2025-03-11T20:25:00Z,1842-1-1-001,,,,,device_not_recording
1741724760000,2025-03-11T20:26:00Z,1842-1-1-001,,,,,device_not_recording
1741724820000,2025-03-11T20:27:00Z,1842-1-1-001,,,,,device_not_recording
1741724880000,2025-03-11T20:28:00Z,1842-1-1-001,,,,,device_not_recording
1741724940000,2025-03-11T20:29:00Z,1842-1-1-001,,,,,device_not_recording
1741725000000,2025-03-11T20:30:00Z,1842-1-1-001,,,,,device_not_recording
1741725060000,2025-03-11T20:31:00Z,1842-1-1-001,,,,,device_not_recording
1741725120000,2025-03-11T20:32:00Z,1842-1-1-001,,,,,device_not_recording
1741725180000,2025-03-11T20:33:00Z,1842-1-1-001,,,,,device_not_recording
1741725240000,2025-03-11T20:34:00Z,1842-1-1-001,,,,,device_not_recording
1741725300000,2025-03-11T20:35:00Z,1842-1-1-001,,,,,device_not_recording
1741725360000,2025-03-11T20:36:00Z,1842-1-1-001,,,,,device_not_recording
1741725420000,2025-03-11T20:37:00Z,1842-1-1-001,,,,,device_not_recording
1741725480000,2025-03-11T20:38:00Z,1842-1-1-001,,,,,device_not_recording
1741725540000,2025-03-11T20:39:00Z,1842-1-1-001,,,,,device_not_recording
1741725600000,2025-03-11T20:40:00Z,1842-1-1-001,,,,,device_not_recording
1741725660000,2025-03-11T20:41:00Z,1842-1-1-001,,,,,device_not_recording
1741725720000,2025-03-11T20:42:00Z,1842-1-1-001,,,,,device_not_recording
1741725780000,2025-03-11T20:43:00Z,1842-1-1-001,,,,,device_not_recording
1741725840000,2025-03-11T20:44:00Z,1842-1-1-001,,,,,device_not_recording
1741725900000,2025-03-11T20:45:00Z,1842-1-1-001,,,,,device_not_recording
1741725960000,2025-03-11T20:46:00Z,1842-1-1-001,,,,,device_not_recording
1741726020000,2025-03-11T20:47:00Z,1842-1-1-001,,,,,device_not_recording
1741726080000,2025-03-11T20:48:00Z,1842-1-1-001,,,,,device_not_recording
1741726140000,2025-03-11T20:49:00Z,1842-1-1-001,,,,,device_not_recording
1741726200000,2025-03-11T20:50:00Z,1842-1-1-001,,,,,device_not_recording
1741726260000,2025-03-11T20:51:00Z,1842-1-1-001,,,,,device_not_recording
1741726320000,2025-03-11T20:52:00Z,1842-1-1-001,,,,,device_not_recording
1741726380000,2025-03-11T20:53:00Z,1842-1-1-001,,,,,device_not_recording
1741726440000,2025-03-11T20:54:00Z,1842-1-1-001,,,,,device_not_recording
1741726500000,2025-03-11T20:55:00Z,1842-1-1-001,,,,,device_not_recording
1741726560000,2025-03-11T20:56:00Z,1842-1-1-001,,,,,device_not_recording
1741726620000,2025-03-11T20:57:00Z,1842-1-1-001,,,,,device_not_recording
1741726680000,2025-03-11T20:58:00Z,1842-1-1-001,,,,,device_not_recording
1741726740000,2025-03-11T20:59:00Z,1842-1-1-001,,,,,device_not_recording
1741726800000,2025-03-11T21:00:00Z,1842-1-1-001,,,,,device_not_recording
1741726860000,2025-03-11T21:01:00Z,1842-1-1-001,,,,,device_not_recording
1741726920000,2025-03-11T21:02:00Z,1842-1-1-001,,,,,device_not_recording
1741726980000,2025-03-11T21:03:00Z,1842-1-1-001,,,,,device_not_recording
1741727040000,2025-03-11T21:04:00Z,1842-1-1-001,,,,,device_not_recording
1741727100000,2025-03-11T21:05:00Z,1842-1-1-001,,,,,device_not_recording
1741727160000,2025-03-11T21:06:00Z,1842-1-1-001,,,,,device_not_recording
1741727220000,2025-03-11T21:07:00Z,1842-1-1-001,,,,,device_not_recording
1741727280000,2025-03-11T21:08:00Z,1842-1-1-001,,,,,device_not_recording
1741727340000,2025-03-11T21:09:00Z,1842-1-1-001,,,,,device_not_recording
1741727400000,2025-03-11T21:10:00Z,1842-1-1-001,,,,,device_not_recording
1741727460000,2025-03-11T21:11:00Z,1842-1-1-001,,,,,device_not_recording
1741727520000,2025-03-11T21:12:00Z,1842-1-1-001,,,,,device_not_recording
1741727580000,2025-03-11T21:13:00Z,1842-1-1-001,,,,,device_not_recording
1741727640000,2025-03-11T21:14:00Z,1842-1-1-001,,,,,device_not_recording
1741727700000,2025-03-11T21:15:00Z,1842-1-1-001,,,,,device_not_recording
1741727760000,2025-03-11T21:16:00Z,1842-1-1-001,,,,,device_not_recording
1741727820000,2025-03-11T21:17:00Z,1842-1-1-001,,,,,device_not_recording
1741727880000,2025-03-11T21:18:00Z,1842-1-1-001,,,,,device_not_recording
1741727940000,2025-03-11T21:19:00Z,1842-1-1-001,,,,,device_not_recording
1741728000000,2025-03-11T21:20:00Z,1842-1-1-001,,,,,device_not_recording
1741728060000,2025-03-11T21:21:00Z,1842-1-1-001,,,,,device_not_recording
1741728120000,2025-03-11T21:22:00Z,1842-1-1-001,,,,,device_not_recording
1741728180000,2025-03-11T21:23:00Z,1842-1-1-001,,,,,device_not_recording
1741728240000,2025-03-11T21:24:00Z,1842-1-1-001,,,,,device_not_recording
1741728300000,2025-03-11T21:25:00Z,1842-1-1-001,,,,,device_not_recording
1741728360000,2025-03-11T21:26:00Z,1842-1-1-001,,,,,device_not_recording
1741728420000,2025-03-11T21:27:00Z,1842-1-1-001,,,,,device_not_recording
1741728480000,2025-03-11T21:28:00Z,1842-1-1-001,,,,,device_not_recording
1741728540000,2025-03-11T21:29:00Z,1842-1-1-001,,,,,device_not_recording
1741728600000,2025-03-11T21:30:00Z,1842-1-1-001,,,,,device_not_recording
1741728660000,2025-03-11T21:31:00Z,1842-1-1-001,,,,,device_not_recording
1741728720000,2025-03-11T21:32:00Z,1842-1-1-001,,,,,device_not_recording
1741728780000,2025-03-11T21:33:00Z,1842-1-1-001,,,,,device_not_recording
1741728840000,2025-03-11T21:34:00Z,1842-1-1-001,,,,,device_not_recording
1741728900000,2025-03-11T21:35:00Z,1842-1-1-001,,,,,device_not_recording
1741728960000,2025-03-11T21:36:00Z,1842-1-1-001,,,,,device_not_recording
1741729020000,2025-03-11T21:37:00Z,1842-1-1-001,,,,,device_not_recording
1741729080000,2025-03-11T21:38:00Z,1842-1-1-001,,,,,device_not_recording
1741729140000,2025-03-11T21:39:00Z,1842-1-1-001,,,,,device_not_recording
1741729200000,2025-03-11T21:40:00Z,1842-1-1-001,,,,,device_not_recording
1741729260000,2025-03-11T21:41:00Z,1842-1-1-001,,,,,device_not_recording
1741729320000,2025-03-11T21:42:00Z,1842-1-1-001,,,,,device_not_recording
1741729380000,2025-03-11T21:43:00Z,1842-1-1-001,,,,,device_not_recording
1741729440000,2025-03-11T21:44:00Z,1842-1-1-001,,,,,device_not_recording
1741729500000,2025-03-11T21:45:00Z,1842-1-1-001,,,,,device_not_recording
1741729560000,2025-03-11T21:46:00Z,1842-1-1-001,,,,,device_not_recording
1741729620000,2025-03-11T21:47:00Z,1842-1-1-001,,,,,device_not_recording
1741729680000,2025-03-11T21:48:00Z,1842-1-1-001,,,,,device_not_recording
1741729740000,2025-03-11T21:49:00Z,1842-1-1-001,,,,,device_not_recording
1741729800000,2025-03-11T21:50:00Z,1842-1-1-001,,,,,device_not_recording
1741729860000,2025-03-11T21:51:00Z,1842-1-1-001,,,,,device_not_recording
1741729920000,2025-03-11T21:52:00Z,1842-1-1-001,,,,,device_not_recording
1741729980000,2025-03-11T21:53:00Z,1842-1-1-001,,,,,device_not_recording
1741730040000,2025-03-11T21:54:00Z,1842-1-1-001,,,,,device_not_recording
1741730100000,2025-03-11T21:55:00Z,1842-1-1-001,,,,,device_not_recording
1741730160000,2025-03-11T21:56:00Z,1842-1-1-001,,,,,device_not_recording
1741730220000,2025-03-11T21:57:00Z,1842-1-1-001,,,,,device_not_recording
1741730280000,2025-03-11T21:58:00Z,1842-1-1-001,,,,,device_not_recording
1741730340000,2025-03-11T21:59:00Z,1842-1-1-001,,,,,device_not_recording
1741730400000,2025-03-11T22:00:00Z,1842-1-1-001,,,,,device_not_recording
1741730460000,2025-03-11T22:01:00Z,1842-1-1-001,,,,,device_not_recording
1741730520000,2025-03-11T22:02:00Z,1842-1-1-001,,,,,device_not_recording
1741730580000,2025-03-11T22:03:00Z,1842-1-1-001,,,,,device_not_recording
1741730640000,2025-03-11T22:04:00Z,1842-1-1-001,,,,,device_not_recording
1741730700000,2025-03-11T22:05:00Z,1842-1-1-001,,,,,device_not_recording
1741730760000,2025-03-11T22:06:00Z,1842-1-1-001,,,,,device_not_recording
1741730820000,2025-03-11T22:07:00Z,1842-1-1-001,,,,,device_not_recording
1741730880000,2025-03-11T22:08:00Z,1842-1-1-001,,,,,device_not_recording
1741730940000,2025-03-11T22:09:00Z,1842-1-1-001,,,,,device_not_recording
1741731000000,2025-03-11T22:10:00Z,1842-1-1-001,,,,,device_not_recording
1741731060000,2025-03-11T22:11:00Z,1842-1-1-001,,,,,device_not_recording
1741731120000,2025-03-11T22:12:00Z,1842-1-1-001,,,,,device_not_recording
1741731180000,2025-03-11T22:13:00Z,1842-1-1-001,,,,,device_not_recording
1741731240000,2025-03-11T22:14:00Z,1842-1-1-001,,,,,device_not_recording
1741731300000,2025-03-11T22:15:00Z,1842-1-1-001,,,,,device_not_recording
1741731360000,2025-03-11T22:16:00Z,1842-1-1-001,,,,,device_not_recording
1741731420000,2025-03-11T22:17:00Z,1842-1-1-001,,,,,device_not_recording
1741731480000,2025-03-11T22:18:00Z,1842-1-1-001,,,,,device_not_recording
1741731540000,2025-03-11T22:19:00Z,1842-1-1-001,,,,,device_not_recording
1741731600000,2025-03-11T22:20:00Z,1842-1-1-001,,,,,device_not_recording
1741731660000,2025-03-11T22:21:00Z,1842-1-1-001,,,,,device_not_recording
1741731720000,2025-03-11T22:22:00Z,1842-1-1-001,,,,,device_not_recording
1741731780000,2025-03-11T22:23:00Z,1842-1-1-001,,,,,device_not_recording
1741731840000,2025-03-11T22:24:00Z,1842-1-1-001,,,,,device_not_recording
1741731900000,2025-03-11T22:25:00Z,1842-1-1-001,,,,,device_not_recording
1741731960000,2025-03-11T22:26:00Z,1842-1-1-001,,,,,device_not_recording
1741732020000,2025-03-11T22:27:00Z,1842-1-1-001,,,,,device_not_recording
1741732080000,2025-03-11T22:28:00Z,1842-1-1-001,,,,,device_not_recording
1741732140000,2025-03-11T22:29:00Z,1842-1-1-001,,,,,device_not_recording
1741732200000,2025-03-11T22:30:00Z,1842-1-1-001,,,,,device_not_recording
1741732260000,2025-03-11T22:31:00Z,1842-1-1-001,,,,,device_not_recording
1741732320000,2025-03-11T22:32:00Z,1842-1-1-001,,,,,device_not_recording
1741732380000,2025-03-11T22:33:00Z,1842-1-1-001,,,,,device_not_recording
1741732440000,2025-03-11T22:34:00Z,1842-1-1-001,,,,,device_not_recording
1741732500000,2025-03-11T22:35:00Z,1842-1-1-001,,,,,device_not_recording
1741732560000,2025-03-11T22:36:00Z,1842-1-1-001,,,,,device_not_recording
1741732620000,2025-03-11T22:37:00Z,1842-1-1-001,,,,,device_not_recording
1741732680000,2025-03-11T22:38:00Z,1842-1-1-001,,,,,device_not_recording
1741732740000,2025-03-11T22:39:00Z,1842-1-1-001,,,,,device_not_recording
1741732800000,2025-03-11T22:40:00Z,1842-1-1-001,,,,,device_not_recording
1741732860000,2025-03-11T22:41:00Z,1842-1-1-001,,,,,device_not_recording
1741732920000,2025-03-11T22:42:00Z,1842-1-1-001,,,,,device_not_recording
1741732980000,2025-03-11T22:43:00Z,1842-1-1-001,,,,,device_not_recording
1741733040000,2025-03-11T22:44:00Z,1842-1-1-001,,,,,device_not_recording
1741733100000,2025-03-11T22:45:00Z,1842-1-1-001,,,,,device_not_recording
1741733160000,2025-03-11T22:46:00Z,1842-1-1-001,,,,,device_not_recording
1741733220000,2025-03-11T22:47:00Z,1842-1-1-001,,,,,device_not_recording
1741733280000,2025-03-11T22:48:00Z,1842-1-1-001,,,,,device_not_recording
1741733340000,2025-03-11T22:49:00Z,1842-1-1-001,,,,,device_not_recording
1741733400000,2025-03-11T22:50:00Z,1842-1-1-001,,,,,device_not_recording
1741733460000,2025-03-11T22:51:00Z,1842-1-1-001,,,,,device_not_recording
1741733520000,2025-03-11T22:52:00Z,1842-1-1-001,,,,,device_not_recording
1741733580000,2025-03-11T22:53:00Z,1842-1-1-001,,,,,device_not_recording
1741733640000,2025-03-11T22:54:00Z,1842-1-1-001,,,,,device_not_recording
1741733700000,2025-03-11T22:55:00Z,1842-1-1-001,,,,,device_not_recording
1741733760000,2025-03-11T22:56:00Z,1842-1-1-001,,,,,device_not_recording
1741733820000,2025-03-11T22:57:00Z,1842-1-1-001,,,,,device_not_recording
1741733880000,2025-03-11T22:58:00Z,1842-1-1-001,,,,,device_not_recording
1741733940000,2025-03-11T22:59:00Z,1842-1-1-001,,,,,device_not_recording
1741734000000,2025-03-11T23:00:00Z,1842-1-1-001,,,,,device_not_recording
1741734060000,2025-03-11T23:01:00Z,1842-1-1-001,,,,,device_not_recording
1741734120000,2025-03-11T23:02:00Z,1842-1-1-001,,,,,device_not_recording
1741734180000,2025-03-11T23:03:00Z,1842-1-1-001,,,,,device_not_recording
1741734240000,2025-03-11T23:04:00Z,1842-1-1-001,,,,,device_not_recording
1741734300000,2025-03-11T23:05:00Z,1842-1-1-001,,,,,device_not_recording
1741734360000,2025-03-11T23:06:00Z,1842-1-1-001,,,,,device_not_recording
1741734420000,2025-03-11T23:07:00Z,1842-1-1-001,,,,,device_not_recording
1741734480000,2025-03-11T23:08:00Z,1842-1-1-001,,,,,device_not_recording
1741734540000,2025-03-11T23:09:00Z,1842-1-1-001,,,,,device_not_recording
1741734600000,2025-03-11T23:10:00Z,1842-1-1-001,,,,,device_not_recording
1741734660000,2025-03-11T23:11:00Z,1842-1-1-001,,,,,device_not_recording
1741734720000,2025-03-11T23:12:00Z,1842-1-1-001,,,,,device_not_recording
1741734780000,2025-03-11T23:13:00Z,1842-1-1-001,,,,,device_not_recording
1741734840000,2025-03-11T23:14:00Z,1842-1-1-001,,,,,device_not_recording
1741734900000,2025-03-11T23:15:00Z,1842-1-1-001,,,,,device_not_recording
1741734960000,2025-03-11T23:16:00Z,1842-1-1-001,,,,,device_not_recording
1741735020000,2025-03-11T23:17:00Z,1842-1-1-001,,,,,device_not_recording
1741735080000,2025-03-11T23:18:00Z,1842-1-1-001,,,,,device_not_recording
1741735140000,2025-03-11T23:19:00Z,1842-1-1-001,,,,,device_not_recording
1741735200000,2025-03-11T23:20:00Z,1842-1-1-001,,,,,device_not_recording
1741735260000,2025-03-11T23:21:00Z,1842-1-1-001,,,,,device_not_recording
1741735320000,2025-03-11T23:22:00Z,1842-1-1-001,,,,,device_not_recording
1741735380000,2025-03-11T23:23:00Z,1842-1-1-001,,,,,device_not_recording
1741735440000,2025-03-11T23:24:00Z,1842-1-1-001,,,,,device_not_recording
1741735500000,2025-03-11T23:25:00Z,1842-1-1-001,,,,,device_not_recording
1741735560000,2025-03-11T23:26:00Z,1842-1-1-001,,,,,device_not_recording
1741735620000,2025-03-11T23:27:00Z,1842-1-1-001,,,,,device_not_recording
1741735680000,2025-03-11T23:28:00Z,1842-1-1-001,,,,,device_not_recording
1741735740000,2025-03-11T23:29:00Z,1842-1-1-001,,,,,device_not_recording
1741735800000,2025-03-11T23:30:00Z,1842-1-1-001,,,,,device_not_recording
1741735860000,2025-03-11T23:31:00Z,1842-1-1-001,,,,,device_not_recording
1741735920000,2025-03-11T23:32:00Z,1842-1-1-001,,,,,device_not_recording
1741735980000,2025-03-11T23:33:00Z,1842-1-1-001,,,,,device_not_recording
1741736040000,2025-03-11T23:34:00Z,1842-1-1-001,,,,,device_not_recording
1741736100000,2025-03-11T23:35:00Z,1842-1-1-001,,,,,device_not_recording
1741736160000,2025-03-11T23:36:00Z,1842-1-1-001,,,,,device_not_recording
1741736220000,2025-03-11T23:37:00Z,1842-1-1-001,,,,,device_not_recording
1741736280000,2025-03-11T23:38:00Z,1842-1-1-001,,,,,device_not_recording
1741736340000,2025-03-11T23:39:00Z,1842-1-1-001,,,,,device_not_recording
1741736400000,2025-03-11T23:40:00Z,1842-1-1-001,,,,,device_not_recording
1741736460000,2025-03-11T23:41:00Z,1842-1-1-001,,,,,device_not_recording
1741736520000,2025-03-11T23:42:00Z,1842-1-1-001,,,,,device_not_recording
1741736580000,2025-03-11T23:43:00Z,1842-1-1-001,,,,,device_not_recording
1741736640000,2025-03-11T23:44:00Z,1842-1-1-001,,,,,device_not_recording
1741736700000,2025-03-11T23:45:00Z,1842-1-1-001,,,,,device_not_recording
1741736760000,2025-03-11T23:46:00Z,1842-1-1-001,,,,,device_not_recording
1741736820000,2025-03-11T23:47:00Z,1842-1-1-001,,,,,device_not_recording
1741736880000,2025-03-11T23:48:00Z,1842-1-1-001,,,,,device_not_recording
1741736940000,2025-03-11T23:49:00Z,1842-1-1-001,,,,,device_not_recording
1741737000000,2025-03-11T23:50:00Z,1842-1-1-001,,,,,device_not_recording
1741737060000,2025-03-11T23:51:00Z,1842-1-1-001,,,,,device_not_recording
1741737120000,2025-03-11T23:52:00Z,1842-1-1-001,,,,,device_not_recording
1741737180000,2025-03-11T23:53:00Z,1842-1-1-001,,,,,device_not_recording
1741737240000,2025-03-11T23:54:00Z,1842-1-1-001,,,,,device_not_recording
1741737300000,2025-03-11T23:55:00Z,1842-1-1-001,,,,,device_not_recording
1741737360000,2025-03-11T23:56:00Z,1842-1-1-001,,,,,device_not_recording
1741737420000,2025-03-11T23:57:00Z,1842-1-1-001,,,,,device_not_recording
1741737480000,2025-03-11T23:58:00Z,1842-1-1-001,,,,,device_not_recording
1741737540000,2025-03-11T23:59:00Z,1842-1-1-001,,,,,device_not_recording
